material_id,category_id,category_name_en,category_name_mr,category_name_hi,sub_category,material_description,image_reference,approximate_weight_kg,condition,source_type,hazard_level,estimated_value_per_kg,unit
MAT_0001,CAT_CRT,CRT Monitors & TVs,सीआरटी मॉनिटर आणि टीव्ही,सीआरटी मॉनिटर और टीवी,Color Television CRT Tube,14 to 21 inch television glass picture tube with lead funnel,assets/materials/cat_crt_0001.jpg,16.5,INTACT,COMMERCIAL_OFFICE,HIGH,14.0,kg
MAT_0002,CAT_CRT,CRT Monitors & TVs,सीआरटी मॉनिटर आणि टीव्ही,सीआरटी मॉनिटर और टीवी,Color Television CRT Tube,14 to 21 inch television glass picture tube with lead funnel,assets/materials/cat_crt_0002.jpg,16.5,DAMAGED,INFORMAL_KABADIWALA,HIGH,11.9,kg
MAT_0003,CAT_CRT,CRT Monitors & TVs,सीआरटी मॉनिटर आणि टीव्ही,सीआरटी मॉनिटर और टीवी,Color Television CRT Tube,14 to 21 inch television glass picture tube with lead funnel,assets/materials/cat_crt_0003.jpg,16.5,PARTIALLY_STRIPPED,HOUSEHOLD_COLLECTION,HIGH,10.5,kg
MAT_0004,CAT_CRT,CRT Monitors & TVs,सीआरटी मॉनिटर आणि टीव्ही,सीआरटी मॉनिटर और टीवी,Color Television CRT Tube,14 to 21 inch television glass picture tube with lead funnel,assets/materials/cat_crt_0004.jpg,16.5,SCRAP_BULK,HOUSEHOLD_COLLECTION,HIGH,10.5,kg
MAT_0005,CAT_CRT,CRT Monitors & TVs,सीआरटी मॉनिटर आणि टीव्ही,सीआरटी मॉनिटर और टीवी,Computer Monitor CRT,15 to 17 inch desktop monitor cathode ray tube,assets/materials/cat_crt_0005.jpg,13.0,INTACT,HOUSEHOLD_COLLECTION,HIGH,12.0,kg
MAT_0006,CAT_CRT,CRT Monitors & TVs,सीआरटी मॉनिटर आणि टीव्ही,सीआरटी मॉनिटर और टीवी,Computer Monitor CRT,15 to 17 inch desktop monitor cathode ray tube,assets/materials/cat_crt_0006.jpg,13.0,DAMAGED,HOUSEHOLD_COLLECTION,HIGH,10.2,kg
MAT_0007,CAT_CRT,CRT Monitors & TVs,सीआरटी मॉनिटर आणि टीव्ही,सीआरटी मॉनिटर और टीवी,Computer Monitor CRT,15 to 17 inch desktop monitor cathode ray tube,assets/materials/cat_crt_0007.jpg,13.0,PARTIALLY_STRIPPED,HOUSEHOLD_COLLECTION,HIGH,9.0,kg
MAT_0008,CAT_CRT,CRT Monitors & TVs,सीआरटी मॉनिटर आणि टीव्ही,सीआरटी मॉनिटर और टीवी,Computer Monitor CRT,15 to 17 inch desktop monitor cathode ray tube,assets/materials/cat_crt_0008.jpg,13.0,SCRAP_BULK,COMMERCIAL_OFFICE,HIGH,9.0,kg
MAT_0009,CAT_CRT,CRT Monitors & TVs,सीआरटी मॉनिटर आणि टीव्ही,सीआरटी मॉनिटर और टीवी,Large Screen TV CRT (29-inch),Heavy commercial television cathode ray tube,assets/materials/cat_crt_0009.jpg,28.0,INTACT,INFORMAL_KABADIWALA,HIGH,15.0,kg
MAT_0010,CAT_CRT,CRT Monitors & TVs,सीआरटी मॉनिटर आणि टीव्ही,सीआरटी मॉनिटर और टीवी,Large Screen TV CRT (29-inch),Heavy commercial television cathode ray tube,assets/materials/cat_crt_0010.jpg,28.0,DAMAGED,HOUSEHOLD_COLLECTION,HIGH,12.75,kg
MAT_0011,CAT_CRT,CRT Monitors & TVs,सीआरटी मॉनिटर आणि टीव्ही,सीआरटी मॉनिटर और टीवी,Large Screen TV CRT (29-inch),Heavy commercial television cathode ray tube,assets/materials/cat_crt_0011.jpg,28.0,PARTIALLY_STRIPPED,INFORMAL_KABADIWALA,HIGH,11.25,kg
MAT_0012,CAT_CRT,CRT Monitors & TVs,सीआरटी मॉनिटर आणि टीव्ही,सीआरटी मॉनिटर और टीवी,Large Screen TV CRT (29-inch),Heavy commercial television cathode ray tube,assets/materials/cat_crt_0012.jpg,28.0,SCRAP_BULK,COMMERCIAL_OFFICE,HIGH,11.25,kg
MAT_0013,CAT_LCD_LED,LCD / LED Panels,एलसीडी / एलईडी स्क्रीन आणि पॅनेल्स,एलसीडी / एलईडी स्क्रीन और पैनल,Laptop Display Screen Panel,14-15.6 inch TFT/LED display panel with cracked or intact glass,assets/materials/cat_lcd_led_0013.jpg,0.9,INTACT,COMMERCIAL_OFFICE,MEDIUM,65.0,kg
MAT_0014,CAT_LCD_LED,LCD / LED Panels,एलसीडी / एलईडी स्क्रीन आणि पॅनेल्स,एलसीडी / एलईडी स्क्रीन और पैनल,Laptop Display Screen Panel,14-15.6 inch TFT/LED display panel with cracked or intact glass,assets/materials/cat_lcd_led_0014.jpg,0.9,DAMAGED,INFORMAL_KABADIWALA,MEDIUM,55.25,kg
MAT_0015,CAT_LCD_LED,LCD / LED Panels,एलसीडी / एलईडी स्क्रीन आणि पॅनेल्स,एलसीडी / एलईडी स्क्रीन और पैनल,Laptop Display Screen Panel,14-15.6 inch TFT/LED display panel with cracked or intact glass,assets/materials/cat_lcd_led_0015.jpg,0.9,PARTIALLY_STRIPPED,INFORMAL_KABADIWALA,MEDIUM,48.75,kg
MAT_0016,CAT_LCD_LED,LCD / LED Panels,एलसीडी / एलईडी स्क्रीन आणि पॅनेल्स,एलसीडी / एलईडी स्क्रीन और पैनल,Laptop Display Screen Panel,14-15.6 inch TFT/LED display panel with cracked or intact glass,assets/materials/cat_lcd_led_0016.jpg,0.9,SCRAP_BULK,LOCAL_AGGREGATOR,MEDIUM,48.75,kg
MAT_0017,CAT_LCD_LED,LCD / LED Panels,एलसीडी / एलईडी स्क्रीन आणि पॅनेल्स,एलसीडी / एलईडी स्क्रीन और पैनल,Desktop LCD Monitor Panel,19 to 24 inch computer monitor display screen,assets/materials/cat_lcd_led_0017.jpg,3.2,INTACT,COMMERCIAL_OFFICE,MEDIUM,50.0,kg
MAT_0018,CAT_LCD_LED,LCD / LED Panels,एलसीडी / एलईडी स्क्रीन आणि पॅनेल्स,एलसीडी / एलईडी स्क्रीन और पैनल,Desktop LCD Monitor Panel,19 to 24 inch computer monitor display screen,assets/materials/cat_lcd_led_0018.jpg,3.2,DAMAGED,HOUSEHOLD_COLLECTION,MEDIUM,42.5,kg
MAT_0019,CAT_LCD_LED,LCD / LED Panels,एलसीडी / एलईडी स्क्रीन आणि पॅनेल्स,एलसीडी / एलईडी स्क्रीन और पैनल,Desktop LCD Monitor Panel,19 to 24 inch computer monitor display screen,assets/materials/cat_lcd_led_0019.jpg,3.2,PARTIALLY_STRIPPED,COMMERCIAL_OFFICE,MEDIUM,37.5,kg
MAT_0020,CAT_LCD_LED,LCD / LED Panels,एलसीडी / एलईडी स्क्रीन आणि पॅनेल्स,एलसीडी / एलईडी स्क्रीन और पैनल,Desktop LCD Monitor Panel,19 to 24 inch computer monitor display screen,assets/materials/cat_lcd_led_0020.jpg,3.2,SCRAP_BULK,LOCAL_AGGREGATOR,MEDIUM,37.5,kg
MAT_0021,CAT_LCD_LED,LCD / LED Panels,एलसीडी / एलईडी स्क्रीन आणि पॅनेल्स,एलसीडी / एलईडी स्क्रीन और पैनल,Smart TV LED Display (32-43 inch),Flat panel television LED display assembly,assets/materials/cat_lcd_led_0021.jpg,6.8,INTACT,COMMERCIAL_OFFICE,MEDIUM,48.0,kg
MAT_0022,CAT_LCD_LED,LCD / LED Panels,एलसीडी / एलईडी स्क्रीन आणि पॅनेल्स,एलसीडी / एलईडी स्क्रीन और पैनल,Smart TV LED Display (32-43 inch),Flat panel television LED display assembly,assets/materials/cat_lcd_led_0022.jpg,6.8,DAMAGED,INFORMAL_KABADIWALA,MEDIUM,40.8,kg
MAT_0023,CAT_LCD_LED,LCD / LED Panels,एलसीडी / एलईडी स्क्रीन आणि पॅनेल्स,एलसीडी / एलईडी स्क्रीन और पैनल,Smart TV LED Display (32-43 inch),Flat panel television LED display assembly,assets/materials/cat_lcd_led_0023.jpg,6.8,PARTIALLY_STRIPPED,COMMERCIAL_OFFICE,MEDIUM,36.0,kg
MAT_0024,CAT_LCD_LED,LCD / LED Panels,एलसीडी / एलईडी स्क्रीन आणि पॅनेल्स,एलसीडी / एलईडी स्क्रीन और पैनल,Smart TV LED Display (32-43 inch),Flat panel television LED display assembly,assets/materials/cat_lcd_led_0024.jpg,6.8,SCRAP_BULK,LOCAL_AGGREGATOR,MEDIUM,36.0,kg
MAT_0025,CAT_PCB,Printed Circuit Boards (PCBs),"सर्किट बोर्ड / पीसीबी (मदरबोर्ड, हिरवे बोर्ड)","सर्किट बोर्ड / पीसीबी (मदरबोर्ड, ग्रीन बोर्ड)",High-Grade Motherboard (PC / Server),Computer motherboard containing gold-plated pins and IC chips,assets/materials/cat_pcb_0025.jpg,0.65,INTACT,COMMERCIAL_OFFICE,MEDIUM,340.0,kg
MAT_0026,CAT_PCB,Printed Circuit Boards (PCBs),"सर्किट बोर्ड / पीसीबी (मदरबोर्ड, हिरवे बोर्ड)","सर्किट बोर्ड / पीसीबी (मदरबोर्ड, ग्रीन बोर्ड)",High-Grade Motherboard (PC / Server),Computer motherboard containing gold-plated pins and IC chips,assets/materials/cat_pcb_0026.jpg,0.65,DAMAGED,LOCAL_AGGREGATOR,MEDIUM,289.0,kg
MAT_0027,CAT_PCB,Printed Circuit Boards (PCBs),"सर्किट बोर्ड / पीसीबी (मदरबोर्ड, हिरवे बोर्ड)","सर्किट बोर्ड / पीसीबी (मदरबोर्ड, ग्रीन बोर्ड)",High-Grade Motherboard (PC / Server),Computer motherboard containing gold-plated pins and IC chips,assets/materials/cat_pcb_0027.jpg,0.65,PARTIALLY_STRIPPED,INFORMAL_KABADIWALA,MEDIUM,255.0,kg
MAT_0028,CAT_PCB,Printed Circuit Boards (PCBs),"सर्किट बोर्ड / पीसीबी (मदरबोर्ड, हिरवे बोर्ड)","सर्किट बोर्ड / पीसीबी (मदरबोर्ड, ग्रीन बोर्ड)",High-Grade Motherboard (PC / Server),Computer motherboard containing gold-plated pins and IC chips,assets/materials/cat_pcb_0028.jpg,0.65,SCRAP_BULK,HOUSEHOLD_COLLECTION,MEDIUM,255.0,kg
MAT_0029,CAT_PCB,Printed Circuit Boards (PCBs),"सर्किट बोर्ड / पीसीबी (मदरबोर्ड, हिरवे बोर्ड)","सर्किट बोर्ड / पीसीबी (मदरबोर्ड, ग्रीन बोर्ड)",Telecom Base Station PCB,High-frequency server/telecom network card with precious metal traces,assets/materials/cat_pcb_0029.jpg,0.8,INTACT,INFORMAL_KABADIWALA,MEDIUM,420.0,kg
MAT_0030,CAT_PCB,Printed Circuit Boards (PCBs),"सर्किट बोर्ड / पीसीबी (मदरबोर्ड, हिरवे बोर्ड)","सर्किट बोर्ड / पीसीबी (मदरबोर्ड, ग्रीन बोर्ड)",Telecom Base Station PCB,High-frequency server/telecom network card with precious metal traces,assets/materials/cat_pcb_0030.jpg,0.8,DAMAGED,LOCAL_AGGREGATOR,MEDIUM,357.0,kg
MAT_0031,CAT_PCB,Printed Circuit Boards (PCBs),"सर्किट बोर्ड / पीसीबी (मदरबोर्ड, हिरवे बोर्ड)","सर्किट बोर्ड / पीसीबी (मदरबोर्ड, ग्रीन बोर्ड)",Telecom Base Station PCB,High-frequency server/telecom network card with precious metal traces,assets/materials/cat_pcb_0031.jpg,0.8,PARTIALLY_STRIPPED,LOCAL_AGGREGATOR,MEDIUM,315.0,kg
MAT_0032,CAT_PCB,Printed Circuit Boards (PCBs),"सर्किट बोर्ड / पीसीबी (मदरबोर्ड, हिरवे बोर्ड)","सर्किट बोर्ड / पीसीबी (मदरबोर्ड, ग्रीन बोर्ड)",Telecom Base Station PCB,High-frequency server/telecom network card with precious metal traces,assets/materials/cat_pcb_0032.jpg,0.8,SCRAP_BULK,INFORMAL_KABADIWALA,MEDIUM,315.0,kg
MAT_0033,CAT_PCB,Printed Circuit Boards (PCBs),"सर्किट बोर्ड / पीसीबी (मदरबोर्ड, हिरवे बोर्ड)","सर्किट बोर्ड / पीसीबी (मदरबोर्ड, ग्रीन बोर्ड)",Low-Grade Brown PCB (CRT/Audio),Single-layer phenolic paper PCB from radios or CRT power boards,assets/materials/cat_pcb_0033.jpg,0.45,INTACT,INFORMAL_KABADIWALA,MEDIUM,95.0,kg
MAT_0034,CAT_PCB,Printed Circuit Boards (PCBs),"सर्किट बोर्ड / पीसीबी (मदरबोर्ड, हिरवे बोर्ड)","सर्किट बोर्ड / पीसीबी (मदरबोर्ड, ग्रीन बोर्ड)",Low-Grade Brown PCB (CRT/Audio),Single-layer phenolic paper PCB from radios or CRT power boards,assets/materials/cat_pcb_0034.jpg,0.45,DAMAGED,HOUSEHOLD_COLLECTION,MEDIUM,80.75,kg
MAT_0035,CAT_PCB,Printed Circuit Boards (PCBs),"सर्किट बोर्ड / पीसीबी (मदरबोर्ड, हिरवे बोर्ड)","सर्किट बोर्ड / पीसीबी (मदरबोर्ड, ग्रीन बोर्ड)",Low-Grade Brown PCB (CRT/Audio),Single-layer phenolic paper PCB from radios or CRT power boards,assets/materials/cat_pcb_0035.jpg,0.45,PARTIALLY_STRIPPED,INFORMAL_KABADIWALA,MEDIUM,71.25,kg
MAT_0036,CAT_PCB,Printed Circuit Boards (PCBs),"सर्किट बोर्ड / पीसीबी (मदरबोर्ड, हिरवे बोर्ड)","सर्किट बोर्ड / पीसीबी (मदरबोर्ड, ग्रीन बोर्ड)",Low-Grade Brown PCB (CRT/Audio),Single-layer phenolic paper PCB from radios or CRT power boards,assets/materials/cat_pcb_0036.jpg,0.45,SCRAP_BULK,HOUSEHOLD_COLLECTION,MEDIUM,71.25,kg
MAT_0037,CAT_PCB,Printed Circuit Boards (PCBs),"सर्किट बोर्ड / पीसीबी (मदरबोर्ड, हिरवे बोर्ड)","सर्किट बोर्ड / पीसीबी (मदरबोर्ड, ग्रीन बोर्ड)",Power Supply Unit (PSU) Board,Switched-mode power supply circuit board with heat sinks and copper coils,assets/materials/cat_pcb_0037.jpg,0.75,INTACT,INFORMAL_KABADIWALA,MEDIUM,130.0,kg
MAT_0038,CAT_PCB,Printed Circuit Boards (PCBs),"सर्किट बोर्ड / पीसीबी (मदरबोर्ड, हिरवे बोर्ड)","सर्किट बोर्ड / पीसीबी (मदरबोर्ड, ग्रीन बोर्ड)",Power Supply Unit (PSU) Board,Switched-mode power supply circuit board with heat sinks and copper coils,assets/materials/cat_pcb_0038.jpg,0.75,DAMAGED,LOCAL_AGGREGATOR,MEDIUM,110.5,kg
MAT_0039,CAT_PCB,Printed Circuit Boards (PCBs),"सर्किट बोर्ड / पीसीबी (मदरबोर्ड, हिरवे बोर्ड)","सर्किट बोर्ड / पीसीबी (मदरबोर्ड, ग्रीन बोर्ड)",Power Supply Unit (PSU) Board,Switched-mode power supply circuit board with heat sinks and copper coils,assets/materials/cat_pcb_0039.jpg,0.75,PARTIALLY_STRIPPED,INFORMAL_KABADIWALA,MEDIUM,97.5,kg
MAT_0040,CAT_PCB,Printed Circuit Boards (PCBs),"सर्किट बोर्ड / पीसीबी (मदरबोर्ड, हिरवे बोर्ड)","सर्किट बोर्ड / पीसीबी (मदरबोर्ड, ग्रीन बोर्ड)",Power Supply Unit (PSU) Board,Switched-mode power supply circuit board with heat sinks and copper coils,assets/materials/cat_pcb_0040.jpg,0.75,SCRAP_BULK,COMMERCIAL_OFFICE,MEDIUM,97.5,kg
MAT_0041,CAT_PCB,Printed Circuit Boards (PCBs),"सर्किट बोर्ड / पीसीबी (मदरबोर्ड, हिरवे बोर्ड)","सर्किट बोर्ड / पीसीबी (मदरबोर्ड, ग्रीन बोर्ड)",RAM & Mobile Daughter Boards,High gold yield RAM sticks and small smartphone motherboards,assets/materials/cat_pcb_0041.jpg,0.15,INTACT,COMMERCIAL_OFFICE,MEDIUM,650.0,kg
MAT_0042,CAT_PCB,Printed Circuit Boards (PCBs),"सर्किट बोर्ड / पीसीबी (मदरबोर्ड, हिरवे बोर्ड)","सर्किट बोर्ड / पीसीबी (मदरबोर्ड, ग्रीन बोर्ड)",RAM & Mobile Daughter Boards,High gold yield RAM sticks and small smartphone motherboards,assets/materials/cat_pcb_0042.jpg,0.15,DAMAGED,COMMERCIAL_OFFICE,MEDIUM,552.5,kg
MAT_0043,CAT_PCB,Printed Circuit Boards (PCBs),"सर्किट बोर्ड / पीसीबी (मदरबोर्ड, हिरवे बोर्ड)","सर्किट बोर्ड / पीसीबी (मदरबोर्ड, ग्रीन बोर्ड)",RAM & Mobile Daughter Boards,High gold yield RAM sticks and small smartphone motherboards,assets/materials/cat_pcb_0043.jpg,0.15,PARTIALLY_STRIPPED,INFORMAL_KABADIWALA,MEDIUM,487.5,kg
MAT_0044,CAT_PCB,Printed Circuit Boards (PCBs),"सर्किट बोर्ड / पीसीबी (मदरबोर्ड, हिरवे बोर्ड)","सर्किट बोर्ड / पीसीबी (मदरबोर्ड, ग्रीन बोर्ड)",RAM & Mobile Daughter Boards,High gold yield RAM sticks and small smartphone motherboards,assets/materials/cat_pcb_0044.jpg,0.15,SCRAP_BULK,LOCAL_AGGREGATOR,MEDIUM,487.5,kg
MAT_0045,CAT_CABLES,Copper Cables & Wires,तांब्याची वायर आणि केबल्स,तांबे के तार और केबल,Insulated Flexible Copper Wire (Household),House wiring and electrical copper wire with PVC stripping,assets/materials/cat_cables_0045.jpg,5.0,INTACT,HOUSEHOLD_COLLECTION,LOW,290.0,kg
MAT_0046,CAT_CABLES,Copper Cables & Wires,तांब्याची वायर आणि केबल्स,तांबे के तार और केबल,Insulated Flexible Copper Wire (Household),House wiring and electrical copper wire with PVC stripping,assets/materials/cat_cables_0046.jpg,5.0,DAMAGED,LOCAL_AGGREGATOR,LOW,246.5,kg
MAT_0047,CAT_CABLES,Copper Cables & Wires,तांब्याची वायर आणि केबल्स,तांबे के तार और केबल,Insulated Flexible Copper Wire (Household),House wiring and electrical copper wire with PVC stripping,assets/materials/cat_cables_0047.jpg,5.0,PARTIALLY_STRIPPED,LOCAL_AGGREGATOR,LOW,217.5,kg
MAT_0048,CAT_CABLES,Copper Cables & Wires,तांब्याची वायर आणि केबल्स,तांबे के तार और केबल,Insulated Flexible Copper Wire (Household),House wiring and electrical copper wire with PVC stripping,assets/materials/cat_cables_0048.jpg,5.0,SCRAP_BULK,COMMERCIAL_OFFICE,LOW,217.5,kg
MAT_0049,CAT_CABLES,Copper Cables & Wires,तांब्याची वायर आणि केबल्स,तांबे के तार और केबल,Computer Power Cords & VGA Cables,Black PVC shielded appliance power cords with copper stranding,assets/materials/cat_cables_0049.jpg,2.5,INTACT,COMMERCIAL_OFFICE,LOW,230.0,kg
MAT_0050,CAT_CABLES,Copper Cables & Wires,तांब्याची वायर आणि केबल्स,तांबे के तार और केबल,Computer Power Cords & VGA Cables,Black PVC shielded appliance power cords with copper stranding,assets/materials/cat_cables_0050.jpg,2.5,DAMAGED,INFORMAL_KABADIWALA,LOW,195.5,kg
MAT_0051,CAT_CABLES,Copper Cables & Wires,तांब्याची वायर आणि केबल्स,तांबे के तार और केबल,Computer Power Cords & VGA Cables,Black PVC shielded appliance power cords with copper stranding,assets/materials/cat_cables_0051.jpg,2.5,PARTIALLY_STRIPPED,HOUSEHOLD_COLLECTION,LOW,172.5,kg
MAT_0052,CAT_CABLES,Copper Cables & Wires,तांब्याची वायर आणि केबल्स,तांबे के तार और केबल,Computer Power Cords & VGA Cables,Black PVC shielded appliance power cords with copper stranding,assets/materials/cat_cables_0052.jpg,2.5,SCRAP_BULK,LOCAL_AGGREGATOR,LOW,172.5,kg
MAT_0053,CAT_CABLES,Copper Cables & Wires,तांब्याची वायर आणि केबल्स,तांबे के तार और केबल,Telecom Multi-core Ribbon Cables,Fine copper communications wire and telephone twisted pair,assets/materials/cat_cables_0053.jpg,3.0,INTACT,HOUSEHOLD_COLLECTION,LOW,260.0,kg
MAT_0054,CAT_CABLES,Copper Cables & Wires,तांब्याची वायर आणि केबल्स,तांबे के तार और केबल,Telecom Multi-core Ribbon Cables,Fine copper communications wire and telephone twisted pair,assets/materials/cat_cables_0054.jpg,3.0,DAMAGED,LOCAL_AGGREGATOR,LOW,221.0,kg
MAT_0055,CAT_CABLES,Copper Cables & Wires,तांब्याची वायर आणि केबल्स,तांबे के तार और केबल,Telecom Multi-core Ribbon Cables,Fine copper communications wire and telephone twisted pair,assets/materials/cat_cables_0055.jpg,3.0,PARTIALLY_STRIPPED,INFORMAL_KABADIWALA,LOW,195.0,kg
MAT_0056,CAT_CABLES,Copper Cables & Wires,तांब्याची वायर आणि केबल्स,तांबे के तार और केबल,Telecom Multi-core Ribbon Cables,Fine copper communications wire and telephone twisted pair,assets/materials/cat_cables_0056.jpg,3.0,SCRAP_BULK,COMMERCIAL_OFFICE,LOW,195.0,kg
MAT_0057,CAT_BATTERY,Batteries (Lead-Acid & Li-Ion),बॅटरी (लेड-अ‍ॅसिड इन्व्हर्टर / लिथियम मोबाईल),बैटरी (लेड-एसिड इन्वर्टर / लिथियम मोबाइल),Lead-Acid Inverter / UPS Battery,12V 100Ah-150Ah heavy stationary lead-acid battery unit,assets/materials/cat_battery_0057.jpg,26.0,INTACT,COMMERCIAL_OFFICE,HIGH,85.0,kg
MAT_0058,CAT_BATTERY,Batteries (Lead-Acid & Li-Ion),बॅटरी (लेड-अ‍ॅसिड इन्व्हर्टर / लिथियम मोबाईल),बैटरी (लेड-एसिड इन्वर्टर / लिथियम मोबाइल),Lead-Acid Inverter / UPS Battery,12V 100Ah-150Ah heavy stationary lead-acid battery unit,assets/materials/cat_battery_0058.jpg,26.0,DAMAGED,LOCAL_AGGREGATOR,HIGH,72.25,kg
MAT_0059,CAT_BATTERY,Batteries (Lead-Acid & Li-Ion),बॅटरी (लेड-अ‍ॅसिड इन्व्हर्टर / लिथियम मोबाईल),बैटरी (लेड-एसिड इन्वर्टर / लिथियम मोबाइल),Lead-Acid Inverter / UPS Battery,12V 100Ah-150Ah heavy stationary lead-acid battery unit,assets/materials/cat_battery_0059.jpg,26.0,PARTIALLY_STRIPPED,HOUSEHOLD_COLLECTION,HIGH,63.75,kg
MAT_0060,CAT_BATTERY,Batteries (Lead-Acid & Li-Ion),बॅटरी (लेड-अ‍ॅसिड इन्व्हर्टर / लिथियम मोबाईल),बैटरी (लेड-एसिड इन्वर्टर / लिथियम मोबाइल),Lead-Acid Inverter / UPS Battery,12V 100Ah-150Ah heavy stationary lead-acid battery unit,assets/materials/cat_battery_0060.jpg,26.0,SCRAP_BULK,HOUSEHOLD_COLLECTION,HIGH,63.75,kg
MAT_0061,CAT_BATTERY,Batteries (Lead-Acid & Li-Ion),बॅटरी (लेड-अ‍ॅसिड इन्व्हर्टर / लिथियम मोबाईल),बैटरी (लेड-एसिड इन्वर्टर / लिथियम मोबाइल),Small Lead-Acid SMF Battery (UPS),12V 7Ah sealed maintenance-free lead battery,assets/materials/cat_battery_0061.jpg,2.1,INTACT,LOCAL_AGGREGATOR,HIGH,72.0,kg
MAT_0062,CAT_BATTERY,Batteries (Lead-Acid & Li-Ion),बॅटरी (लेड-अ‍ॅसिड इन्व्हर्टर / लिथियम मोबाईल),बैटरी (लेड-एसिड इन्वर्टर / लिथियम मोबाइल),Small Lead-Acid SMF Battery (UPS),12V 7Ah sealed maintenance-free lead battery,assets/materials/cat_battery_0062.jpg,2.1,DAMAGED,HOUSEHOLD_COLLECTION,HIGH,61.2,kg
MAT_0063,CAT_BATTERY,Batteries (Lead-Acid & Li-Ion),बॅटरी (लेड-अ‍ॅसिड इन्व्हर्टर / लिथियम मोबाईल),बैटरी (लेड-एसिड इन्वर्टर / लिथियम मोबाइल),Small Lead-Acid SMF Battery (UPS),12V 7Ah sealed maintenance-free lead battery,assets/materials/cat_battery_0063.jpg,2.1,PARTIALLY_STRIPPED,INFORMAL_KABADIWALA,HIGH,54.0,kg
MAT_0064,CAT_BATTERY,Batteries (Lead-Acid & Li-Ion),बॅटरी (लेड-अ‍ॅसिड इन्व्हर्टर / लिथियम मोबाईल),बैटरी (लेड-एसिड इन्वर्टर / लिथियम मोबाइल),Small Lead-Acid SMF Battery (UPS),12V 7Ah sealed maintenance-free lead battery,assets/materials/cat_battery_0064.jpg,2.1,SCRAP_BULK,COMMERCIAL_OFFICE,HIGH,54.0,kg
MAT_0065,CAT_BATTERY,Batteries (Lead-Acid & Li-Ion),बॅटरी (लेड-अ‍ॅसिड इन्व्हर्टर / लिथियम मोबाईल),बैटरी (लेड-एसिड इन्वर्टर / लिथियम मोबाइल),Lithium-Ion Smartphone Batteries,Li-Cobalt / Li-Polymer flat pouch phone battery cells,assets/materials/cat_battery_0065.jpg,0.08,INTACT,HOUSEHOLD_COLLECTION,HIGH,120.0,kg
MAT_0066,CAT_BATTERY,Batteries (Lead-Acid & Li-Ion),बॅटरी (लेड-अ‍ॅसिड इन्व्हर्टर / लिथियम मोबाईल),बैटरी (लेड-एसिड इन्वर्टर / लिथियम मोबाइल),Lithium-Ion Smartphone Batteries,Li-Cobalt / Li-Polymer flat pouch phone battery cells,assets/materials/cat_battery_0066.jpg,0.08,DAMAGED,LOCAL_AGGREGATOR,HIGH,102.0,kg
MAT_0067,CAT_BATTERY,Batteries (Lead-Acid & Li-Ion),बॅटरी (लेड-अ‍ॅसिड इन्व्हर्टर / लिथियम मोबाईल),बैटरी (लेड-एसिड इन्वर्टर / लिथियम मोबाइल),Lithium-Ion Smartphone Batteries,Li-Cobalt / Li-Polymer flat pouch phone battery cells,assets/materials/cat_battery_0067.jpg,0.08,PARTIALLY_STRIPPED,COMMERCIAL_OFFICE,HIGH,90.0,kg
MAT_0068,CAT_BATTERY,Batteries (Lead-Acid & Li-Ion),बॅटरी (लेड-अ‍ॅसिड इन्व्हर्टर / लिथियम मोबाईल),बैटरी (लेड-एसिड इन्वर्टर / लिथियम मोबाइल),Lithium-Ion Smartphone Batteries,Li-Cobalt / Li-Polymer flat pouch phone battery cells,assets/materials/cat_battery_0068.jpg,0.08,SCRAP_BULK,HOUSEHOLD_COLLECTION,HIGH,90.0,kg
MAT_0069,CAT_BATTERY,Batteries (Lead-Acid & Li-Ion),बॅटरी (लेड-अ‍ॅसिड इन्व्हर्टर / लिथियम मोबाईल),बैटरी (लेड-एसिड इन्वर्टर / लिथियम मोबाइल),Laptop Li-Ion 18650 Battery Pack,Multi-cell laptop battery cylinder pack,assets/materials/cat_battery_0069.jpg,0.32,INTACT,LOCAL_AGGREGATOR,HIGH,110.0,kg
MAT_0070,CAT_BATTERY,Batteries (Lead-Acid & Li-Ion),बॅटरी (लेड-अ‍ॅसिड इन्व्हर्टर / लिथियम मोबाईल),बैटरी (लेड-एसिड इन्वर्टर / लिथियम मोबाइल),Laptop Li-Ion 18650 Battery Pack,Multi-cell laptop battery cylinder pack,assets/materials/cat_battery_0070.jpg,0.32,DAMAGED,INFORMAL_KABADIWALA,HIGH,93.5,kg
MAT_0071,CAT_BATTERY,Batteries (Lead-Acid & Li-Ion),बॅटरी (लेड-अ‍ॅसिड इन्व्हर्टर / लिथियम मोबाईल),बैटरी (लेड-एसिड इन्वर्टर / लिथियम मोबाइल),Laptop Li-Ion 18650 Battery Pack,Multi-cell laptop battery cylinder pack,assets/materials/cat_battery_0071.jpg,0.32,PARTIALLY_STRIPPED,COMMERCIAL_OFFICE,HIGH,82.5,kg
MAT_0072,CAT_BATTERY,Batteries (Lead-Acid & Li-Ion),बॅटरी (लेड-अ‍ॅसिड इन्व्हर्टर / लिथियम मोबाईल),बैटरी (लेड-एसिड इन्वर्टर / लिथियम मोबाइल),Laptop Li-Ion 18650 Battery Pack,Multi-cell laptop battery cylinder pack,assets/materials/cat_battery_0072.jpg,0.32,SCRAP_BULK,COMMERCIAL_OFFICE,HIGH,82.5,kg
MAT_0073,CAT_MOTORS,Motors & Magnet Assemblies,"मोटर्स, फॅन कॉइल आणि चुंबक","मोटर, पंखा कॉइल और चुंबक",Refrigerator Compressor Motor Unit,Sealed steel casing with high copper winding stator,assets/materials/cat_motors_0073.jpg,7.5,INTACT,COMMERCIAL_OFFICE,LOW,42.0,kg
MAT_0074,CAT_MOTORS,Motors & Magnet Assemblies,"मोटर्स, फॅन कॉइल आणि चुंबक","मोटर, पंखा कॉइल और चुंबक",Refrigerator Compressor Motor Unit,Sealed steel casing with high copper winding stator,assets/materials/cat_motors_0074.jpg,7.5,DAMAGED,INFORMAL_KABADIWALA,LOW,35.7,kg
MAT_0075,CAT_MOTORS,Motors & Magnet Assemblies,"मोटर्स, फॅन कॉइल आणि चुंबक","मोटर, पंखा कॉइल और चुंबक",Refrigerator Compressor Motor Unit,Sealed steel casing with high copper winding stator,assets/materials/cat_motors_0075.jpg,7.5,PARTIALLY_STRIPPED,LOCAL_AGGREGATOR,LOW,31.5,kg
MAT_0076,CAT_MOTORS,Motors & Magnet Assemblies,"मोटर्स, फॅन कॉइल आणि चुंबक","मोटर, पंखा कॉइल और चुंबक",Refrigerator Compressor Motor Unit,Sealed steel casing with high copper winding stator,assets/materials/cat_motors_0076.jpg,7.5,SCRAP_BULK,INFORMAL_KABADIWALA,LOW,31.5,kg
MAT_0077,CAT_MOTORS,Motors & Magnet Assemblies,"मोटर्स, फॅन कॉइल आणि चुंबक","मोटर, पंखा कॉइल और चुंबक",Ceiling Fan Induction Motor Stator,Laminated steel core with copper winding,assets/materials/cat_motors_0077.jpg,2.8,INTACT,INFORMAL_KABADIWALA,LOW,48.0,kg
MAT_0078,CAT_MOTORS,Motors & Magnet Assemblies,"मोटर्स, फॅन कॉइल आणि चुंबक","मोटर, पंखा कॉइल और चुंबक",Ceiling Fan Induction Motor Stator,Laminated steel core with copper winding,assets/materials/cat_motors_0078.jpg,2.8,DAMAGED,COMMERCIAL_OFFICE,LOW,40.8,kg
MAT_0079,CAT_MOTORS,Motors & Magnet Assemblies,"मोटर्स, फॅन कॉइल आणि चुंबक","मोटर, पंखा कॉइल और चुंबक",Ceiling Fan Induction Motor Stator,Laminated steel core with copper winding,assets/materials/cat_motors_0079.jpg,2.8,PARTIALLY_STRIPPED,COMMERCIAL_OFFICE,LOW,36.0,kg
MAT_0080,CAT_MOTORS,Motors & Magnet Assemblies,"मोटर्स, फॅन कॉइल आणि चुंबक","मोटर, पंखा कॉइल और चुंबक",Ceiling Fan Induction Motor Stator,Laminated steel core with copper winding,assets/materials/cat_motors_0080.jpg,2.8,SCRAP_BULK,LOCAL_AGGREGATOR,LOW,36.0,kg
MAT_0081,CAT_MOTORS,Motors & Magnet Assemblies,"मोटर्स, फॅन कॉइल आणि चुंबक","मोटर, पंखा कॉइल और चुंबक",Hard Disk Drive Neodymium Magnet Assy,High-field rare earth magnet and spindle motor scrap,assets/materials/cat_motors_0081.jpg,0.35,INTACT,INFORMAL_KABADIWALA,LOW,95.0,kg
MAT_0082,CAT_MOTORS,Motors & Magnet Assemblies,"मोटर्स, फॅन कॉइल आणि चुंबक","मोटर, पंखा कॉइल और चुंबक",Hard Disk Drive Neodymium Magnet Assy,High-field rare earth magnet and spindle motor scrap,assets/materials/cat_motors_0082.jpg,0.35,DAMAGED,COMMERCIAL_OFFICE,LOW,80.75,kg
MAT_0083,CAT_MOTORS,Motors & Magnet Assemblies,"मोटर्स, फॅन कॉइल आणि चुंबक","मोटर, पंखा कॉइल और चुंबक",Hard Disk Drive Neodymium Magnet Assy,High-field rare earth magnet and spindle motor scrap,assets/materials/cat_motors_0083.jpg,0.35,PARTIALLY_STRIPPED,COMMERCIAL_OFFICE,LOW,71.25,kg
MAT_0084,CAT_MOTORS,Motors & Magnet Assemblies,"मोटर्स, फॅन कॉइल आणि चुंबक","मोटर, पंखा कॉइल और चुंबक",Hard Disk Drive Neodymium Magnet Assy,High-field rare earth magnet and spindle motor scrap,assets/materials/cat_motors_0084.jpg,0.35,SCRAP_BULK,INFORMAL_KABADIWALA,LOW,71.25,kg
MAT_0085,CAT_PLASTICS,Mixed E-Waste Plastics (ABS / HIPS),"मिश्रित ई-कचरा प्लास्टिक (कॅबिनेट, बॉडी)","मिश्रित ई-कचरा प्लास्टिक (बॉडी, कैबिनेट)",ABS Plastic Appliance Casings (Monitors/Printers),Rigid ABS polymer shells free from non-plastic inserts,assets/materials/cat_plastics_0085.jpg,2.4,INTACT,HOUSEHOLD_COLLECTION,LOW,25.0,kg
MAT_0086,CAT_PLASTICS,Mixed E-Waste Plastics (ABS / HIPS),"मिश्रित ई-कचरा प्लास्टिक (कॅबिनेट, बॉडी)","मिश्रित ई-कचरा प्लास्टिक (बॉडी, कैबिनेट)",ABS Plastic Appliance Casings (Monitors/Printers),Rigid ABS polymer shells free from non-plastic inserts,assets/materials/cat_plastics_0086.jpg,2.4,DAMAGED,HOUSEHOLD_COLLECTION,LOW,21.25,kg
MAT_0087,CAT_PLASTICS,Mixed E-Waste Plastics (ABS / HIPS),"मिश्रित ई-कचरा प्लास्टिक (कॅबिनेट, बॉडी)","मिश्रित ई-कचरा प्लास्टिक (बॉडी, कैबिनेट)",ABS Plastic Appliance Casings (Monitors/Printers),Rigid ABS polymer shells free from non-plastic inserts,assets/materials/cat_plastics_0087.jpg,2.4,PARTIALLY_STRIPPED,INFORMAL_KABADIWALA,LOW,18.75,kg
MAT_0088,CAT_PLASTICS,Mixed E-Waste Plastics (ABS / HIPS),"मिश्रित ई-कचरा प्लास्टिक (कॅबिनेट, बॉडी)","मिश्रित ई-कचरा प्लास्टिक (बॉडी, कैबिनेट)",ABS Plastic Appliance Casings (Monitors/Printers),Rigid ABS polymer shells free from non-plastic inserts,assets/materials/cat_plastics_0088.jpg,2.4,SCRAP_BULK,LOCAL_AGGREGATOR,LOW,18.75,kg
MAT_0089,CAT_PLASTICS,Mixed E-Waste Plastics (ABS / HIPS),"मिश्रित ई-कचरा प्लास्टिक (कॅबिनेट, बॉडी)","मिश्रित ई-कचरा प्लास्टिक (बॉडी, कैबिनेट)",HIPS TV Back Covers & Bezels,High-impact polystyrene television outer shell casing,assets/materials/cat_plastics_0089.jpg,3.1,INTACT,LOCAL_AGGREGATOR,LOW,20.0,kg
MAT_0090,CAT_PLASTICS,Mixed E-Waste Plastics (ABS / HIPS),"मिश्रित ई-कचरा प्लास्टिक (कॅबिनेट, बॉडी)","मिश्रित ई-कचरा प्लास्टिक (बॉडी, कैबिनेट)",HIPS TV Back Covers & Bezels,High-impact polystyrene television outer shell casing,assets/materials/cat_plastics_0090.jpg,3.1,DAMAGED,HOUSEHOLD_COLLECTION,LOW,17.0,kg
MAT_0091,CAT_PLASTICS,Mixed E-Waste Plastics (ABS / HIPS),"मिश्रित ई-कचरा प्लास्टिक (कॅबिनेट, बॉडी)","मिश्रित ई-कचरा प्लास्टिक (बॉडी, कैबिनेट)",HIPS TV Back Covers & Bezels,High-impact polystyrene television outer shell casing,assets/materials/cat_plastics_0091.jpg,3.1,PARTIALLY_STRIPPED,INFORMAL_KABADIWALA,LOW,15.0,kg
MAT_0092,CAT_PLASTICS,Mixed E-Waste Plastics (ABS / HIPS),"मिश्रित ई-कचरा प्लास्टिक (कॅबिनेट, बॉडी)","मिश्रित ई-कचरा प्लास्टिक (बॉडी, कैबिनेट)",HIPS TV Back Covers & Bezels,High-impact polystyrene television outer shell casing,assets/materials/cat_plastics_0092.jpg,3.1,SCRAP_BULK,INFORMAL_KABADIWALA,LOW,15.0,kg
MAT_0093,CAT_PLASTICS,Mixed E-Waste Plastics (ABS / HIPS),"मिश्रित ई-कचरा प्लास्टिक (कॅबिनेट, बॉडी)","मिश्रित ई-कचरा प्लास्टिक (बॉडी, कैबिनेट)",Polycarbonate (PC) Clear Scrap,Shatter-resistant optical plastic scraps from electronics,assets/materials/cat_plastics_0093.jpg,1.2,INTACT,INFORMAL_KABADIWALA,LOW,32.0,kg
MAT_0094,CAT_PLASTICS,Mixed E-Waste Plastics (ABS / HIPS),"मिश्रित ई-कचरा प्लास्टिक (कॅबिनेट, बॉडी)","मिश्रित ई-कचरा प्लास्टिक (बॉडी, कैबिनेट)",Polycarbonate (PC) Clear Scrap,Shatter-resistant optical plastic scraps from electronics,assets/materials/cat_plastics_0094.jpg,1.2,DAMAGED,LOCAL_AGGREGATOR,LOW,27.2,kg
MAT_0095,CAT_PLASTICS,Mixed E-Waste Plastics (ABS / HIPS),"मिश्रित ई-कचरा प्लास्टिक (कॅबिनेट, बॉडी)","मिश्रित ई-कचरा प्लास्टिक (बॉडी, कैबिनेट)",Polycarbonate (PC) Clear Scrap,Shatter-resistant optical plastic scraps from electronics,assets/materials/cat_plastics_0095.jpg,1.2,PARTIALLY_STRIPPED,COMMERCIAL_OFFICE,LOW,24.0,kg
MAT_0096,CAT_PLASTICS,Mixed E-Waste Plastics (ABS / HIPS),"मिश्रित ई-कचरा प्लास्टिक (कॅबिनेट, बॉडी)","मिश्रित ई-कचरा प्लास्टिक (बॉडी, कैबिनेट)",Polycarbonate (PC) Clear Scrap,Shatter-resistant optical plastic scraps from electronics,assets/materials/cat_plastics_0096.jpg,1.2,SCRAP_BULK,LOCAL_AGGREGATOR,LOW,24.0,kg
MAT_0097,CAT_OTHER,Other Electronic Scrap,"इतर इलेक्ट्रॉनिक भंगार (किबोर्ड, ट्रान्सफॉर्मर)","अन्य इलेक्ट्रॉनिक कबाड़ (कीबोर्ड, चार्जर)",Small Kitchen Appliances (Iron/Mixer),"Mixed household metal, coil, and resin motor scrap",assets/materials/cat_other_0097.jpg,2.2,INTACT,LOCAL_AGGREGATOR,LOW,28.0,kg
MAT_0098,CAT_OTHER,Other Electronic Scrap,"इतर इलेक्ट्रॉनिक भंगार (किबोर्ड, ट्रान्सफॉर्मर)","अन्य इलेक्ट्रॉनिक कबाड़ (कीबोर्ड, चार्जर)",Small Kitchen Appliances (Iron/Mixer),"Mixed household metal, coil, and resin motor scrap",assets/materials/cat_other_0098.jpg,2.2,DAMAGED,LOCAL_AGGREGATOR,LOW,23.8,kg
MAT_0099,CAT_OTHER,Other Electronic Scrap,"इतर इलेक्ट्रॉनिक भंगार (किबोर्ड, ट्रान्सफॉर्मर)","अन्य इलेक्ट्रॉनिक कबाड़ (कीबोर्ड, चार्जर)",Small Kitchen Appliances (Iron/Mixer),"Mixed household metal, coil, and resin motor scrap",assets/materials/cat_other_0099.jpg,2.2,PARTIALLY_STRIPPED,LOCAL_AGGREGATOR,LOW,21.0,kg
MAT_0100,CAT_OTHER,Other Electronic Scrap,"इतर इलेक्ट्रॉनिक भंगार (किबोर्ड, ट्रान्सफॉर्मर)","अन्य इलेक्ट्रॉनिक कबाड़ (कीबोर्ड, चार्जर)",Small Kitchen Appliances (Iron/Mixer),"Mixed household metal, coil, and resin motor scrap",assets/materials/cat_other_0100.jpg,2.2,SCRAP_BULK,COMMERCIAL_OFFICE,LOW,21.0,kg
MAT_0101,CAT_OTHER,Other Electronic Scrap,"इतर इलेक्ट्रॉनिक भंगार (किबोर्ड, ट्रान्सफॉर्मर)","अन्य इलेक्ट्रॉनिक कबाड़ (कीबोर्ड, चार्जर)",Computer Keyboards & Computer Mice,"Membrane switch plastic, keycaps, and lightweight wiring",assets/materials/cat_other_0101.jpg,0.7,INTACT,COMMERCIAL_OFFICE,LOW,18.0,kg
MAT_0102,CAT_OTHER,Other Electronic Scrap,"इतर इलेक्ट्रॉनिक भंगार (किबोर्ड, ट्रान्सफॉर्मर)","अन्य इलेक्ट्रॉनिक कबाड़ (कीबोर्ड, चार्जर)",Computer Keyboards & Computer Mice,"Membrane switch plastic, keycaps, and lightweight wiring",assets/materials/cat_other_0102.jpg,0.7,DAMAGED,INFORMAL_KABADIWALA,LOW,15.3,kg
MAT_0103,CAT_OTHER,Other Electronic Scrap,"इतर इलेक्ट्रॉनिक भंगार (किबोर्ड, ट्रान्सफॉर्मर)","अन्य इलेक्ट्रॉनिक कबाड़ (कीबोर्ड, चार्जर)",Computer Keyboards & Computer Mice,"Membrane switch plastic, keycaps, and lightweight wiring",assets/materials/cat_other_0103.jpg,0.7,PARTIALLY_STRIPPED,INFORMAL_KABADIWALA,LOW,13.5,kg
MAT_0104,CAT_OTHER,Other Electronic Scrap,"इतर इलेक्ट्रॉनिक भंगार (किबोर्ड, ट्रान्सफॉर्मर)","अन्य इलेक्ट्रॉनिक कबाड़ (कीबोर्ड, चार्जर)",Computer Keyboards & Computer Mice,"Membrane switch plastic, keycaps, and lightweight wiring",assets/materials/cat_other_0104.jpg,0.7,SCRAP_BULK,INFORMAL_KABADIWALA,LOW,13.5,kg
MAT_0105,CAT_OTHER,Other Electronic Scrap,"इतर इलेक्ट्रॉनिक भंगार (किबोर्ड, ट्रान्सफॉर्मर)","अन्य इलेक्ट्रॉनिक कबाड़ (कीबोर्ड, चार्जर)",Ferrite Core Transformers & Adapters,"Wall chargers, adapters, and high-frequency ferrite coils",assets/materials/cat_other_0105.jpg,0.4,INTACT,LOCAL_AGGREGATOR,LOW,35.0,kg
MAT_0106,CAT_OTHER,Other Electronic Scrap,"इतर इलेक्ट्रॉनिक भंगार (किबोर्ड, ट्रान्सफॉर्मर)","अन्य इलेक्ट्रॉनिक कबाड़ (कीबोर्ड, चार्जर)",Ferrite Core Transformers & Adapters,"Wall chargers, adapters, and high-frequency ferrite coils",assets/materials/cat_other_0106.jpg,0.4,DAMAGED,HOUSEHOLD_COLLECTION,LOW,29.75,kg
MAT_0107,CAT_OTHER,Other Electronic Scrap,"इतर इलेक्ट्रॉनिक भंगार (किबोर्ड, ट्रान्सफॉर्मर)","अन्य इलेक्ट्रॉनिक कबाड़ (कीबोर्ड, चार्जर)",Ferrite Core Transformers & Adapters,"Wall chargers, adapters, and high-frequency ferrite coils",assets/materials/cat_other_0107.jpg,0.4,PARTIALLY_STRIPPED,INFORMAL_KABADIWALA,LOW,26.25,kg
MAT_0108,CAT_OTHER,Other Electronic Scrap,"इतर इलेक्ट्रॉनिक भंगार (किबोर्ड, ट्रान्सफॉर्मर)","अन्य इलेक्ट्रॉनिक कबाड़ (कीबोर्ड, चार्जर)",Ferrite Core Transformers & Adapters,"Wall chargers, adapters, and high-frequency ferrite coils",assets/materials/cat_other_0108.jpg,0.4,SCRAP_BULK,LOCAL_AGGREGATOR,LOW,26.25,kg
