unique_lot_id,short_code,photograph_ref,photo_sha256,weight_at_collection_kg,weight_at_handover_kg,timestamp_utc,gps_latitude,gps_longitude,handover_reference_number,recycler_confirmation,record_hash_sha256,subsequent_transaction_status
LOT_2026_0001,2452BB,photos/lots/LOT_2026_0001_proof.jpg,0b2d75cf5b7f5c5850e6937ce5535feec2ae3725f1a40fb2c292b5a0f44eee9a,13.44,13.29,2025-12-14T08:00:00+00:00,19.1482,73.0504,HND-2452BB-929,CONFIRMED,a79116a16686763e917c0536699ad9a9586e383a917fca53f6cbb1344cad0c22,EPR_CREDIT_ISSUED
LOT_2026_0002,C5696E,photos/lots/LOT_2026_0002_proof.jpg,e608a6c3eb1a57acb9ba3d4b59bd4026e8281fb1ee1d5de1b88281e15a94160b,39.77,39.23,2026-01-23T11:00:00+00:00,19.1296,72.937,HND-C5696E-328,CONFIRMED,775bfc26220e65961dca5a8d1fba9be24c76d099a5dd7419415ee4a420c2473a,ACCEPTED_FOR_DISMANTLING
LOT_2026_0003,09B64F,photos/lots/LOT_2026_0003_proof.jpg,42dd899c17792674abc1c4b2b4097ef2a2fd7c2e350a3fe1f17ffe9463a215f0,14.12,14.0,2025-11-10T06:00:00+00:00,19.3112,72.9522,HND-09B64F-782,CONFIRMED,ab6f6a208691f89cfef5279d10c3a8c8d879f2b3c45c63ff24c59efb5efaf5cf,ACCEPTED_FOR_DISMANTLING
LOT_2026_0004,C42077,photos/lots/LOT_2026_0004_proof.jpg,175476c4d92787001312d954a869c19a27528b1890e2a036a5281728df156a42,45.74,45.05,2025-09-06T05:00:00+00:00,19.3801,73.0295,HND-C42077-630,CONFIRMED,37044ae7e9172ffa2479bebfbde6e5b473608eab1c48f50887f41dfbcd155e4b,ACCEPTED_FOR_DISMANTLING
LOT_2026_0005,97587D,photos/lots/LOT_2026_0005_proof.jpg,609dc346b6619a2028664dbd8a47aa0a4a3fbba68c0a778d72ccbe65039193d2,61.3,61.05,2025-08-28T10:00:00+00:00,19.2919,72.9213,HND-97587D-971,CONFIRMED,470165c49eef79a76e49df703e3a3c253b6da4c5c222921dcaa060ec372df6bd,ACCEPTED_FOR_DISMANTLING
LOT_2026_0006,EDA87C,photos/lots/LOT_2026_0006_proof.jpg,1b4af56047c5d9e29eee9c517e888bb5e700735a0f9112edc3c081b81e08cd48,32.51,32.59,2025-12-08T11:00:00+00:00,19.3977,73.0749,HND-EDA87C-173,CONFIRMED,2992907de0b78176170e0afbcdc461326245f20c821c7139f77d056552e978cc,EPR_CREDIT_ISSUED
LOT_2026_0007,D38988,photos/lots/LOT_2026_0007_proof.jpg,8cd86ddc1d4c30386fbe2ad7a67e441c8b1bd11aa9c30358613da03b530b434f,17.9,17.74,2026-02-15T03:00:00+00:00,19.2202,72.9446,HND-D38988-818,CONFIRMED,5df680419f2da05f683b21fd0c8b9cb4547bf545aead2dcfa45feaf657657cc7,ACCEPTED_FOR_DISMANTLING
LOT_2026_0008,64C2EA,photos/lots/LOT_2026_0008_proof.jpg,0a4c233cdc160847a10562193084c610bfda80e68970647cc80a61b09cb615c3,47.65,47.03,2025-08-04T09:00:00+00:00,19.2933,73.0516,HND-64C2EA-939,CONFIRMED,6d6593b0d84c47ada5d8ae588346d6860f9aab9af9389fc1b72d6b6776091478,EPR_CREDIT_ISSUED
LOT_2026_0009,A4F2EE,photos/lots/LOT_2026_0009_proof.jpg,8fa881c546492f6b0eb80cb53a0f6ba87af9ae0237d64251c56db2f0deae2541,32.21,32.27,2025-08-29T01:00:00+00:00,19.1085,73.015,HND-A4F2EE-737,CONFIRMED,077e2336dddf02f2251828f9f75775ba116e0d198c011eb14aa7f44da5446808,EPR_CREDIT_ISSUED
LOT_2026_0010,0623F7,photos/lots/LOT_2026_0010_proof.jpg,83fa59acd6a2485349dc17bc1d87d17c6a051b755491edf8a9dfb4138b525e27,34.61,34.31,2025-10-11T07:00:00+00:00,19.2951,72.9926,HND-0623F7-136,CONFIRMED,48e7b07ea7a5743a21df813f5aac6598278c7887b853d77a39c6c9281838c2d4,ACCEPTED_FOR_DISMANTLING
LOT_2026_0011,E1A804,photos/lots/LOT_2026_0011_proof.jpg,eba4ed165a74f43e29250ebcd03bc5eec2f98910f701ada9e73a474fc37d8a64,21.18,20.84,2025-10-13T08:00:00+00:00,19.238,72.9389,HND-E1A804-889,CONFIRMED,7125a9cdc758e252e8e34d844249f99d1751dd6c8cfa3790f7b93005dfbff4d1,ACCEPTED_FOR_DISMANTLING
LOT_2026_0012,C37C0B,photos/lots/LOT_2026_0012_proof.jpg,5bc3994dddf34fc58797ff57298863a966eb2b1789bca492f222470488e4904c,61.73,61.8,2025-12-05T01:00:00+00:00,19.171,73.052,HND-C37C0B-722,CONFIRMED,5defe92510bbeab5925c12315c9e9a5dad4e10f00970a7558ea7f3eb980278a7,ACCEPTED_FOR_DISMANTLING
LOT_2026_0013,14B36E,photos/lots/LOT_2026_0013_proof.jpg,72602c36d8217df3d253240d14037b5dc4427dee821354cb5c8e990573c9939f,36.05,35.88,2025-10-14T08:00:00+00:00,19.0694,73.0853,HND-14B36E-142,CONFIRMED,eb0b40cd6aa2dde5b865ae95df5c91c4e8c4cc9f0fa1db78278d0b1d79485f67,EPR_CREDIT_ISSUED
LOT_2026_0014,73C052,photos/lots/LOT_2026_0014_proof.jpg,1a74dc8bf28a669a2a8cc695cb2bb7a1b855dfd403c908444a348206f902eb2e,19.38,19.39,2025-09-14T01:00:00+00:00,19.3846,72.98,HND-73C052-577,CONFIRMED,6ecc30fecac526f86695010677876e5921c34d9b471bca74a337168e6d7f73fb,ACCEPTED_FOR_DISMANTLING
LOT_2026_0015,E40186,photos/lots/LOT_2026_0015_proof.jpg,37996877ad77e1823ac02fd940d8ba52a1994b0bcf26bc71b9b8dd9735d49ce0,48.18,48.23,2025-12-16T08:00:00+00:00,19.1886,73.0025,HND-E40186-741,CONFIRMED,2ab2c8361048efc3b8019c5692b0e8f1ef023695b49017cfec1c71b970b8ebc0,EPR_CREDIT_ISSUED
LOT_2026_0016,2C51B0,photos/lots/LOT_2026_0016_proof.jpg,85840ab43548a1a81b54e20f8a56aa5a6776d80e7c8aceb937497be9c3e6524a,20.92,20.59,2025-12-13T09:00:00+00:00,19.2395,72.9374,HND-2C51B0-477,CONFIRMED,5262aae61857230ca5f547575614f21b18131e7275599853a7fff8ce39c27b47,ACCEPTED_FOR_DISMANTLING
LOT_2026_0017,562962,photos/lots/LOT_2026_0017_proof.jpg,44b9e3874e1fcd9725235ecc8129e723660a24e9611cb59e82183e5aa22e5004,43.01,42.5,2026-03-03T07:00:00+00:00,19.3777,72.8884,HND-562962-615,CONFIRMED,3b3376021c5ea32e2fc7f318b11b3fbdb08a197917e20f6d1bbda67afdbd5ae6,EPR_CREDIT_ISSUED
LOT_2026_0018,7E3435,photos/lots/LOT_2026_0018_proof.jpg,5a23f4d51e6a2e3544a5e574ac12da050ec16d8c8850274ad8993c14ebe94005,63.17,63.64,2026-02-26T12:00:00+00:00,19.1745,72.8733,HND-7E3435-893,CONFIRMED,242b3ee64f8c0891686d3b9e913bf724e7091530b2caef5286376b18ea959b8d,EPR_CREDIT_ISSUED
LOT_2026_0019,DB4588,photos/lots/LOT_2026_0019_proof.jpg,8a47e84e763c95e60af77f0b4580fb5de24db83df44e1a43c11e26a5bd2ed60f,25.2,24.96,2026-02-17T08:00:00+00:00,19.1546,72.9642,HND-DB4588-744,CONFIRMED,5ac01be69b1ec2b78a99565c348eaf2571cc5ca466cae3f7755e701d435ac041,EPR_CREDIT_ISSUED
LOT_2026_0020,83B85B,photos/lots/LOT_2026_0020_proof.jpg,9ec3f19dbbf9fcaa9e8b6fc8cd761f16fbd3130afbfc092aa5c2226ae2e38a81,44.08,43.45,2025-12-07T06:00:00+00:00,19.1123,72.8648,HND-83B85B-886,CONFIRMED,4dce65f9b601487b46bc80403ec8a2433dd6626b24be228ad2197fceec992fa1,EPR_CREDIT_ISSUED
LOT_2026_0021,E2215D,photos/lots/LOT_2026_0021_proof.jpg,7b5429274a45d1a85a78c3ce3ece36a60ef755262a2bcb6733fe6ae0e813cb54,19.72,19.82,2026-01-28T07:00:00+00:00,19.0708,73.0838,HND-E2215D-622,CONFIRMED,ae723655854da1d9d7e8145eda70253e3e92cd7caf14c2380584f7b27f2dd719,EPR_CREDIT_ISSUED
LOT_2026_0022,FE5372,photos/lots/LOT_2026_0022_proof.jpg,5de62d2a9205fb493671b7b2258646e096c7bd84d6802847abc8388798d928a8,53.57,53.25,2025-12-04T02:00:00+00:00,19.3799,72.8933,HND-FE5372-320,CONFIRMED,f5ea31db65b1d3c76d24f196cdfcb208e2890e7e3f477eaa5264c037d773ddd0,EPR_CREDIT_ISSUED
LOT_2026_0023,DAA537,photos/lots/LOT_2026_0023_proof.jpg,6c1ef0d4b1a8589bde4bf84dec3239bcbe7c437b29e9656b84910e8df2124a6b,26.14,26.05,2025-08-12T09:00:00+00:00,19.3911,73.0159,HND-DAA537-330,CONFIRMED,066b85ac31b2b9a392bfd5246ada1c1969565008fc62d2b97e960731a4fe5aaf,ACCEPTED_FOR_DISMANTLING
LOT_2026_0024,E4C883,photos/lots/LOT_2026_0024_proof.jpg,7ebfbe174495483480a104a344ab109ac20502cee032b6e5709f460841a39e65,23.28,23.39,2025-12-10T08:00:00+00:00,19.0721,73.0473,HND-E4C883-707,CONFIRMED,4554c2fb6e61b24e814cffda64c292133b17595a2a299281bcf0f2010b0529af,EPR_CREDIT_ISSUED
LOT_2026_0025,77730A,photos/lots/LOT_2026_0025_proof.jpg,ba6f993e10f096cd271b08c50ef520694edb1c0c7e4119111a563f7cab01bd16,58.47,58.53,2025-08-11T08:00:00+00:00,19.0624,72.9169,HND-77730A-604,CONFIRMED,d1af0174911fbaa927803ab084aa9d40e7be73c524b0d61ea997ba3aa39908ce,EPR_CREDIT_ISSUED
LOT_2026_0026,DEDC83,photos/lots/LOT_2026_0026_proof.jpg,21726f4d30c6df8fcdc92e0f5f0eadcb37e559ed768e1141f3d39cf9dee4c843,45.83,45.21,2025-12-02T02:00:00+00:00,19.3671,72.9777,HND-DEDC83-310,CONFIRMED,819fadae0bcc1fb37f03a42d185aaf88f192f0aad3ef64a1e9e44bac6bdf6af2,EPR_CREDIT_ISSUED
LOT_2026_0027,81A1D8,photos/lots/LOT_2026_0027_proof.jpg,c53a812e3f44b25317e7963415d666f0e59502ab02313c20058b01d955cd34d3,21.33,21.48,2025-08-08T02:00:00+00:00,19.0854,72.928,HND-81A1D8-100,CONFIRMED,52df04db73da0228bad9d6ce5dd58a7d2b9211275d4d670bb10462862217d3a1,ACCEPTED_FOR_DISMANTLING
LOT_2026_0028,29EE26,photos/lots/LOT_2026_0028_proof.jpg,800b4dcb4ac74be666b9db2bb6467b542b5ec64d2939c3cf74c9e249cc1b1b72,14.81,14.83,2025-10-11T12:00:00+00:00,19.302,73.0713,HND-29EE26-391,CONFIRMED,f8af38edae3faae6728b6c0ebc7160f5ce9386346f0636325a58b8614a3b9879,EPR_CREDIT_ISSUED
LOT_2026_0029,86B4B5,photos/lots/LOT_2026_0029_proof.jpg,3d6ad979a09e6247c84997c6a759b88b383bd24e9e1c28093bcf4f8f614dd280,49.23,49.61,2025-10-06T05:00:00+00:00,19.3308,73.0417,HND-86B4B5-183,CONFIRMED,8df98db1b5f2f867204e24031e05702eceb076c6b239deb85ec6c33c0759c1fe,ACCEPTED_FOR_DISMANTLING
LOT_2026_0030,6E71D8,photos/lots/LOT_2026_0030_proof.jpg,39044fbbf6b76537ab40523c97eed93faab7efab01c05aa4ae47f05436887d95,51.96,52.35,2025-08-13T09:00:00+00:00,19.1506,72.8725,HND-6E71D8-673,CONFIRMED,8bc6f94143a06cfa8242d4bb180a11fbc3b60d50fa5b3f304b0ea7451fef52cc,EPR_CREDIT_ISSUED
LOT_2026_0031,4C3CA9,photos/lots/LOT_2026_0031_proof.jpg,c381a8882c547cf3de5af662922bf1ad5488e4fd98465c72f0bf27a8753cb395,23.43,23.31,2025-12-23T08:00:00+00:00,19.2634,72.975,HND-4C3CA9-766,CONFIRMED,a526901e07e662422c9ebaa8be060fd9f1870c74cd7455dcf017bcf6435de960,ACCEPTED_FOR_DISMANTLING
LOT_2026_0032,8A5B64,photos/lots/LOT_2026_0032_proof.jpg,993790ca607ae78bb6e4ce18c12b765dce4e1c004a92c831508c12f5f4c65741,5.79,5.8,2026-01-13T02:00:00+00:00,19.253,72.998,HND-8A5B64-635,CONFIRMED,85c3c7dff9c5d99598dac7c67a6d488b968dfa8271342f70c574caf42627d23c,EPR_CREDIT_ISSUED
LOT_2026_0033,0410B3,photos/lots/LOT_2026_0033_proof.jpg,4244d23d59c634a6264b7b05877985a128cf9b9001264aab38e6fb6787cdecdd,48.25,48.44,2026-02-25T01:00:00+00:00,19.0688,72.9679,HND-0410B3-488,CONFIRMED,dc5da96b87b53db9be4464845e367f7edbfdb76b0a0a71c37b938018ac9d7d6d,ACCEPTED_FOR_DISMANTLING
LOT_2026_0034,5CF537,photos/lots/LOT_2026_0034_proof.jpg,fc795e640460fa5e115aa78996a163d2400ffbe0620b59223ae6cf39de920e49,11.06,11.03,2025-09-23T07:00:00+00:00,19.2869,72.9324,HND-5CF537-181,CONFIRMED,56d0faa1d45d0dc2de7dce0c80f9a7af6053b37bfb1dbc8b276deaf79986c295,EPR_CREDIT_ISSUED
LOT_2026_0035,6FF33E,photos/lots/LOT_2026_0035_proof.jpg,45379d3f6bdcf7e6c4a79048469bab2f1baf67c28d72ad1e1fc684562b922278,9.02,9.0,2026-03-05T01:00:00+00:00,19.1479,73.0159,HND-6FF33E-103,CONFIRMED,5af2363b082bf15a5434b27fe31a2a4c34cae54ddbfad849b6ba8c4d2ada8d6b,ACCEPTED_FOR_DISMANTLING
LOT_2026_0036,9952A4,photos/lots/LOT_2026_0036_proof.jpg,3a77d79415ca52434965392925a081587efc0babf6e67fe564e583acc69ff4c7,35.56,35.21,2026-01-17T08:00:00+00:00,19.1982,73.0307,HND-9952A4-698,CONFIRMED,bd3c27cef8e6d756f33e31b2fea33805ac7aa65d72358943e4420b12d101fbab,ACCEPTED_FOR_DISMANTLING
LOT_2026_0037,DA15B3,photos/lots/LOT_2026_0037_proof.jpg,fc5224ce17a7ec5233b9edf44f6afa8a3ec3fe084f02ca6973ba36e5863fefa5,53.9,53.28,2026-02-26T10:00:00+00:00,19.3284,72.9986,HND-DA15B3-344,CONFIRMED,3adc54ae0efe3aa5674acead44b30e605c8dee14340228c5faf6c2ef0b7cc028,ACCEPTED_FOR_DISMANTLING
LOT_2026_0038,18335C,photos/lots/LOT_2026_0038_proof.jpg,cee562cb3a78216d047a8ce9c0226c2723d00b9100199e448909c876cbf6de77,27.42,27.56,2025-12-13T03:00:00+00:00,19.3289,73.0148,HND-18335C-781,CONFIRMED,d82392ed1a00d8857f9c62d14993907298f67179cb4f044893ce4d32fa88366f,EPR_CREDIT_ISSUED
LOT_2026_0039,C94B45,photos/lots/LOT_2026_0039_proof.jpg,37ae253cc6d15cbfdfcaa7eccc96d3051455a364a5cfe81521f93e709360dc2b,58.08,58.06,2025-10-14T10:00:00+00:00,19.0591,72.8878,HND-C94B45-276,CONFIRMED,62f6bd6f24d702005cc9cd164b53719605f76cde72c4855ac7e493c4548d5701,ACCEPTED_FOR_DISMANTLING
LOT_2026_0040,025C3B,photos/lots/LOT_2026_0040_proof.jpg,d99be62a220e74f42202209ae402c9196112f3e0810f7640d56957ce25bd9fab,22.71,22.31,2025-08-30T11:00:00+00:00,19.2701,72.9151,HND-025C3B-729,CONFIRMED,f251d809dc4b36161e0579065ee0c6b97b0224a34c05628262efb5938a54d5fc,ACCEPTED_FOR_DISMANTLING
LOT_2026_0041,1DB225,photos/lots/LOT_2026_0041_proof.jpg,d5da903a239616b7948446d472a26117bbac9e52e2636b091dac2d4635f1db03,29.65,29.56,2025-11-07T10:00:00+00:00,19.3232,73.076,HND-1DB225-659,CONFIRMED,ece35bec602393520794e5cf8d6e0147a0517b4d8e4fdf7e9fe0a5007c916735,EPR_CREDIT_ISSUED
LOT_2026_0042,0AA90D,photos/lots/LOT_2026_0042_proof.jpg,97351c6b3581e13f8817f0f23d505675b89fd9567c671b24c63d39980a90ac01,29.7,29.35,2026-01-27T10:00:00+00:00,19.0529,73.0772,HND-0AA90D-699,CONFIRMED,90d3a891d4d2d5de82ec65409f303c53949fcb59102a44a785290ecc3153244b,ACCEPTED_FOR_DISMANTLING
LOT_2026_0043,E6E42E,photos/lots/LOT_2026_0043_proof.jpg,188b2687300bc44f7a844b38c0937fe5253218a022c3185282c0545de09e6e23,64.01,63.9,2026-01-14T12:00:00+00:00,19.226,72.9796,HND-E6E42E-594,CONFIRMED,84f095ccd098828cd6e8da9f1e67f519023c2942d9129d1fcbba888e81d11801,EPR_CREDIT_ISSUED
LOT_2026_0044,A1AAD3,photos/lots/LOT_2026_0044_proof.jpg,771a8d3c06e533ef24fb15ee21af4062862fb7271e65d5b264dd2d9a7af74e8e,59.26,58.52,2026-02-08T02:00:00+00:00,19.225,73.0366,HND-A1AAD3-459,CONFIRMED,8b3c9e793a3f0862564d7c4e11a5085bc5b90cd2f3ef6874efe1b94bc4ac9ef1,EPR_CREDIT_ISSUED
LOT_2026_0045,D85143,photos/lots/LOT_2026_0045_proof.jpg,7f4ee9b87cba9647814c3305f4b90538a56e01fd14bf9e4ebdffe61020aeb156,38.08,37.53,2026-01-14T04:00:00+00:00,19.3114,72.9462,HND-D85143-105,CONFIRMED,3526a70df6068e4d421bae08611a4465fca98aa159aff1a1a7c72b1ff6ef4eba,ACCEPTED_FOR_DISMANTLING
LOT_2026_0046,BCF0A2,photos/lots/LOT_2026_0046_proof.jpg,b7f27a5b7f84b02d182d850f10e51020a7b9a16c0b32596b5e6de4a92e8b630a,20.72,20.9,2026-03-06T10:00:00+00:00,19.1825,72.9796,HND-BCF0A2-886,CONFIRMED,9b96913ba80deb99bad23149b5087f607776baab5dfd2d9ae43b6f9c32b1be57,EPR_CREDIT_ISSUED
LOT_2026_0047,DC03FE,photos/lots/LOT_2026_0047_proof.jpg,7a171cd83f00e2457f531afe66d48db7c1d3b03412641fb7c7dc0bce4f56d7a4,21.93,21.94,2025-12-08T07:00:00+00:00,19.1879,72.8733,HND-DC03FE-760,CONFIRMED,f735276918099b8de619f3ad511495577625f454629835676dee53c6232da254,EPR_CREDIT_ISSUED
LOT_2026_0048,A97616,photos/lots/LOT_2026_0048_proof.jpg,71a46c56f8c6671262900b0da4fb5f1ee2f4e6d0500923e0d0a31d6165a8ef6f,45.14,44.27,2025-12-30T02:00:00+00:00,19.3069,72.9334,HND-A97616-252,CONFIRMED,1e41ffeb21905e1e55a746c1362f12851827e5992680996a7137128fef925fa6,EPR_CREDIT_ISSUED
LOT_2026_0049,DF8C9E,photos/lots/LOT_2026_0049_proof.jpg,8bce37e6232e36b5515044f8e8abdb6706586ce63559c6cdae15a9d11dc7c8f2,54.02,53.29,2025-11-07T12:00:00+00:00,19.2038,72.9012,HND-DF8C9E-766,CONFIRMED,10d5a726d65e2681b164f303072393c8c26558b1dc125892cb7aa1fa0aaf5be2,ACCEPTED_FOR_DISMANTLING
LOT_2026_0050,84A24D,photos/lots/LOT_2026_0050_proof.jpg,81d3693e70cc8f1b69beddc4198f03660e6fe12903fb5623fc690626666fa8c8,39.69,39.41,2025-12-25T06:00:00+00:00,19.3211,72.9322,HND-84A24D-210,CONFIRMED,e5a4f4fe63db5346f32b5f39ad691b4f645778e244e37444934d868c17e88b62,EPR_CREDIT_ISSUED
LOT_2026_0051,0DD5A8,photos/lots/LOT_2026_0051_proof.jpg,37c2885ad378e8a7e9a4515544fc1e25471c6d0085248609a70ab07550211550,64.97,64.2,2026-02-04T09:00:00+00:00,19.0789,73.0231,HND-0DD5A8-703,CONFIRMED,2c20848822806571dd92edeeda5a4812aaae79c3baa50d2fc9895f22802fd968,EPR_CREDIT_ISSUED
LOT_2026_0052,BAC478,photos/lots/LOT_2026_0052_proof.jpg,4787b791c71328ccda1b16debbae11ad0902166dc9e510f72e11ba6fc7e1f77e,48.23,48.33,2025-12-10T04:00:00+00:00,19.3407,73.0376,HND-BAC478-380,CONFIRMED,6b2c9d3a319ac18a934000e1e98727f357f28eb6accbf08bb1daa7f7c3c3b84e,ACCEPTED_FOR_DISMANTLING
LOT_2026_0053,C68DDD,photos/lots/LOT_2026_0053_proof.jpg,ff7569bb41a22010fb2a749ae197aa40bbd8de59dc95fc86b92505a3a7bf30ac,54.03,54.28,2025-09-05T12:00:00+00:00,19.2373,72.8966,HND-C68DDD-193,CONFIRMED,1e8465686290d4b086434256a88b09c8a295fa4a20564d300e99de78642eb9d4,EPR_CREDIT_ISSUED
LOT_2026_0054,347A5F,photos/lots/LOT_2026_0054_proof.jpg,5cbaf279e3f4e3be47114d2e0e4c770ffc80657c0812175ac50d9acc9131cd7e,34.32,34.09,2026-02-12T06:00:00+00:00,19.065,73.053,HND-347A5F-903,CONFIRMED,b5839285719078871a3b8b793f17e687761cfddb8f2da0184f1af53b933a5f2d,ACCEPTED_FOR_DISMANTLING
LOT_2026_0055,5DDF0D,photos/lots/LOT_2026_0055_proof.jpg,b2fda827c2c2b06a64e6339d92b885a8146f15a379e639327f399b9f5519f7aa,61.89,61.06,2025-11-09T06:00:00+00:00,19.3507,73.0967,HND-5DDF0D-579,CONFIRMED,a7a5ccb26f1c107d42ef7f925193153c4bcdce4ebe5cb9eb990e454386e74ead,EPR_CREDIT_ISSUED
LOT_2026_0056,BC336B,photos/lots/LOT_2026_0056_proof.jpg,d84d316551894a524e77dce5429e1f77ec2d2218ddfd213a67ddc090f8e5ef70,28.51,28.08,2025-12-28T09:00:00+00:00,19.3195,72.8975,HND-BC336B-588,CONFIRMED,e8e355e9a494f5037f523607cae086e0e4891a038ddf9b1b1cea870636bbab8e,ACCEPTED_FOR_DISMANTLING
LOT_2026_0057,F6378A,photos/lots/LOT_2026_0057_proof.jpg,2b6f1680e7b1ceeacbc26b136ac0db8533f53f0d201bbb8d92ab67198bf1f37a,5.01,4.91,2025-08-14T09:00:00+00:00,19.061,73.0241,HND-F6378A-268,CONFIRMED,928c33212f77db80f8830e23a7565ca7bef888acc0ee04d4633357e856aaa0c6,ACCEPTED_FOR_DISMANTLING
LOT_2026_0058,A2A48C,photos/lots/LOT_2026_0058_proof.jpg,c0efd399bc58cc00a92749ae47e48d3b0b8f2f52d4a46e9a18fa2958eade9fb0,64.37,63.66,2025-09-22T10:00:00+00:00,19.3356,73.0397,HND-A2A48C-248,CONFIRMED,d009cce9fce9c29715cfea631daffb976399d42416b09211ff8b41d90c249e5e,ACCEPTED_FOR_DISMANTLING
LOT_2026_0059,B1A405,photos/lots/LOT_2026_0059_proof.jpg,8f3d8e22aa6fbfbe0e75270aa0037f6725b74b6363b8f6391eb08a490502b309,56.84,56.06,2025-12-27T12:00:00+00:00,19.3495,72.9842,HND-B1A405-306,CONFIRMED,e877be75e08f3435783db97042a50976433841023b1352d59b31aceefcbe0441,EPR_CREDIT_ISSUED
LOT_2026_0060,629F0A,photos/lots/LOT_2026_0060_proof.jpg,faa7e585ffa625484c68fdb492fa94d39a76427c7dd1cf634f117e110a2a5c3d,14.27,14.14,2025-11-16T03:00:00+00:00,19.2507,72.9935,HND-629F0A-401,CONFIRMED,2ca6838c67310f89a0481774abc453a3f38155f4fe7272ce54a3473157f814b6,EPR_CREDIT_ISSUED
LOT_2026_0061,170D5B,photos/lots/LOT_2026_0061_proof.jpg,04e9d8d0effcacca5c3443fe07fd6f6c901a29c02534d57d9828754ecec928a6,13.75,13.67,2025-10-12T04:00:00+00:00,19.2803,72.974,HND-170D5B-423,CONFIRMED,2115e194a016eeb6dc415c7315ae4525496b7eab22284e2f2e2d8aa12b959cdb,ACCEPTED_FOR_DISMANTLING
LOT_2026_0062,4A575A,photos/lots/LOT_2026_0062_proof.jpg,f75227e95eafa0fff6b885a551185e39961936a5405e7ba33cdc19f5b365e8f0,22.1,22.25,2025-10-09T02:00:00+00:00,19.1994,73.0854,HND-4A575A-361,CONFIRMED,220e93221bd8e05000e2608ec5f45170d096405c0c4bac9cc181b894f4fae95f,ACCEPTED_FOR_DISMANTLING
LOT_2026_0063,0AB6AE,photos/lots/LOT_2026_0063_proof.jpg,51470823f7857117cb24787db0de47ce1828a14e7bdedbcaf9b43141f7d55949,29.16,28.83,2026-02-16T07:00:00+00:00,19.3732,72.8674,HND-0AB6AE-219,CONFIRMED,1285c9c1f111ce61940b1c40f88a3c72a613ebabc43b11d8812daf9f989c743a,EPR_CREDIT_ISSUED
LOT_2026_0064,B72E98,photos/lots/LOT_2026_0064_proof.jpg,de988a4b04dae5a762313fd51050ba759ad34aad829cf6a2110df559ac9ad47f,55.91,54.96,2026-01-01T09:00:00+00:00,19.3956,73.0469,HND-B72E98-182,CONFIRMED,1cfb1da2ce0f7a72607574a9bdb973ee1cc6681d20de4c489324b645c6cfa989,EPR_CREDIT_ISSUED
LOT_2026_0065,28275B,photos/lots/LOT_2026_0065_proof.jpg,017ccab3025ef1f6669b40d647a07c30601278ccbb39ee969842d3a89885ae7c,61.61,61.73,2025-10-02T12:00:00+00:00,19.2165,72.8741,HND-28275B-153,CONFIRMED,ed46c4d60fb73a2a80c183bc9ff8797c78ec9e97dd48b9833a1df018d3337351,ACCEPTED_FOR_DISMANTLING
LOT_2026_0066,9D9EC7,photos/lots/LOT_2026_0066_proof.jpg,504544e64229677ccc7f6096d622abbce0ab6fb7158e71f35aa1dfe6fde113f3,40.51,40.58,2025-09-06T07:00:00+00:00,19.0514,72.9632,HND-9D9EC7-982,CONFIRMED,8a6f2fec219d7d08cd902dc969e1903f82ade1c87d5efbf9cbee3150d5434b3b,ACCEPTED_FOR_DISMANTLING
LOT_2026_0067,227F2F,photos/lots/LOT_2026_0067_proof.jpg,8e9f37762b99cc1ef89b9cb4ca32871423835780189b6e8774aab46e2d8f4cdd,34.55,34.63,2026-01-18T05:00:00+00:00,19.3382,72.9043,HND-227F2F-918,CONFIRMED,9a5ac822528d9e02c0faa7772c32a7019d5c31da45deef67c4ffb0cfb26bd9e6,ACCEPTED_FOR_DISMANTLING
LOT_2026_0068,CE90A4,photos/lots/LOT_2026_0068_proof.jpg,891daf4940a940841c2f85d7b061916e56bfedc41d54dc8567a7a444644dc7bc,56.87,56.53,2025-09-07T02:00:00+00:00,19.2962,72.8668,HND-CE90A4-847,CONFIRMED,777b04a70b0225aae32cfe456f9ac31ad658a7a6891ef309f2e07e580c3ae04b,ACCEPTED_FOR_DISMANTLING
LOT_2026_0069,9A0D88,photos/lots/LOT_2026_0069_proof.jpg,e1cb354e742ecbf24c6897d9b88cb2a93b9f78cd9d095f6bbbeb43632ecb37de,46.1,45.69,2025-12-03T09:00:00+00:00,19.2143,73.0374,HND-9A0D88-206,CONFIRMED,0c42f128b8c805453a88f9a00f786b1f3027e40a972fe089b18b000606caa97b,ACCEPTED_FOR_DISMANTLING
LOT_2026_0070,D9718C,photos/lots/LOT_2026_0070_proof.jpg,ded6f41c8c981ada77899efd8638d030df5e3f5d1e2f7934f9755c7cf7a4c299,36.87,36.65,2026-02-10T04:00:00+00:00,19.1711,73.079,HND-D9718C-777,CONFIRMED,93a47f2e0ead3781de5db9ca006f57dd5d19f2cff03a79a28011796d21494880,ACCEPTED_FOR_DISMANTLING
LOT_2026_0071,AD03A5,photos/lots/LOT_2026_0071_proof.jpg,c554d04803766aedecc46878726d9edc679e1b2e06545aca06f923ad00b2f6bb,48.83,48.08,2025-12-11T01:00:00+00:00,19.1216,73.013,HND-AD03A5-934,CONFIRMED,40ff44f30d579a89f5c2f8a798526a0cc8d0509a227101ae47bfba14f65eb65b,ACCEPTED_FOR_DISMANTLING
LOT_2026_0072,362C10,photos/lots/LOT_2026_0072_proof.jpg,6dc89ba13b8af41bdcf5a5d2987075dac751e0636fb64af6577fb48be2293414,8.76,8.77,2026-01-13T09:00:00+00:00,19.1984,73.0822,HND-362C10-624,CONFIRMED,0fa980ef26e278a6cda4afee58ebdd34af9338ce515f5e2679066b5159abe669,EPR_CREDIT_ISSUED
LOT_2026_0073,AFA263,photos/lots/LOT_2026_0073_proof.jpg,494b1a715b44725781f070061d95c568b7515567c31ecdd7684fe82552cefb1e,32.16,31.82,2025-08-31T09:00:00+00:00,19.2314,72.9687,HND-AFA263-627,CONFIRMED,f03e41685d4e43c7c9181b818096c9fe3f527951e09d72a5443b29b72370bdf0,ACCEPTED_FOR_DISMANTLING
LOT_2026_0074,AB8DDC,photos/lots/LOT_2026_0074_proof.jpg,ebeb2aadcf20715400f12d3039f925cd05b3661217c5f332c563fd232766eab5,53.63,53.3,2025-10-11T01:00:00+00:00,19.2571,72.9355,HND-AB8DDC-968,CONFIRMED,f49c57ed5e99638567c71a4ab120f21c38f8977279bf13c15bd49274becac876,ACCEPTED_FOR_DISMANTLING
LOT_2026_0075,D664B9,photos/lots/LOT_2026_0075_proof.jpg,b7e2452475cb3426f2d244bf42ed8a9cc24cf50c20affa47420ca693cd4ff033,15.54,15.27,2025-10-26T06:00:00+00:00,19.2,72.9224,HND-D664B9-446,CONFIRMED,0fc5790a2f08bd47c9ea041bc1ed804085547d1c5a8ee9522bb6885b23e1692d,ACCEPTED_FOR_DISMANTLING
LOT_2026_0076,592ACA,photos/lots/LOT_2026_0076_proof.jpg,53e800f66f7b01f90c9aba9570e2b42077ec695361db21eed0f2ce852a0a7c3c,38.22,37.8,2026-03-03T05:00:00+00:00,19.2657,73.0522,HND-592ACA-611,CONFIRMED,53083c31bc8cbbe6293d16e3297736121c0fba6f9a811d613b458d68393daae3,EPR_CREDIT_ISSUED
LOT_2026_0077,836314,photos/lots/LOT_2026_0077_proof.jpg,b48d39449c50de0ff7ae222a6e0e697111b15a51c55f525e23d3a8b1893c2e5c,54.04,53.34,2026-01-02T06:00:00+00:00,19.1685,72.9381,HND-836314-257,CONFIRMED,627c1be7bad69fc70922621bd87cfece2b2c37fff37d9304ad928423266ea459,ACCEPTED_FOR_DISMANTLING
LOT_2026_0078,496C7B,photos/lots/LOT_2026_0078_proof.jpg,abff26ec85965d79ee339f2d7fca803f444dfbb7b1773c747f86b683b3792bf4,39.27,39.2,2025-10-05T10:00:00+00:00,19.1862,72.9689,HND-496C7B-272,CONFIRMED,15b2c7bc6188e4acc0b76db5520ff479745c880ffc127922623ef533cd9ff0bd,ACCEPTED_FOR_DISMANTLING
LOT_2026_0079,3AE945,photos/lots/LOT_2026_0079_proof.jpg,0d1f0082ea36bbf46375389f4cd4320abfb60a0f3cb3376e8d03808608b19c29,50.33,49.69,2025-12-13T09:00:00+00:00,19.2994,72.875,HND-3AE945-762,CONFIRMED,8f4e5a71987a37a9dfcce9868ee4cc3f2492d5ba9c6096a3267c6fa9f2bd5342,EPR_CREDIT_ISSUED
LOT_2026_0080,8B6845,photos/lots/LOT_2026_0080_proof.jpg,912447b2c011937c8e6a8d5c16095c3560d1fb5e90a92c47e140a6e0dc0c83ef,54.82,54.69,2025-11-21T09:00:00+00:00,19.364,72.9774,HND-8B6845-488,CONFIRMED,0dff3fb1c5e53b033fa9c392b9ae5b5b0b298d34a9c80694bd4820e73696d7a3,ACCEPTED_FOR_DISMANTLING
LOT_2026_0081,890433,photos/lots/LOT_2026_0081_proof.jpg,599659b1b5fbe8c3e162ba92cfd5b1b41f2102d8b2d525d2fed7b6757e57b01a,43.46,43.27,2025-08-06T04:00:00+00:00,19.0562,72.9078,HND-890433-835,CONFIRMED,24fceb008468bfeddd780c333c3dd1628c7afd0d6c354d7fb54296971b834184,EPR_CREDIT_ISSUED
LOT_2026_0082,7E3C5A,photos/lots/LOT_2026_0082_proof.jpg,0eef3aa2d84365ea9ce25ce96ae05f3629e3fbe1061b2b8be2e90134adf7a801,64.58,64.65,2025-10-26T06:00:00+00:00,19.3813,72.9961,HND-7E3C5A-315,CONFIRMED,fed33048b1ba928046ce9823850299d3c2184b82d99c1385c96eccdbefb0a6cd,ACCEPTED_FOR_DISMANTLING
LOT_2026_0083,9FFE16,photos/lots/LOT_2026_0083_proof.jpg,1969b2942b1c066a1950c0c5e27d2fb6e9b852554f75b014cc82e0b214ac50d2,58.15,57.21,2025-12-16T08:00:00+00:00,19.2542,73.0286,HND-9FFE16-828,CONFIRMED,2646b65836f850af9b1c4f87d403c7c362d392c5a36b2e22cb7e96c55685f015,ACCEPTED_FOR_DISMANTLING
LOT_2026_0084,C33789,photos/lots/LOT_2026_0084_proof.jpg,b41b389a81289ef7abec641c0a6801ad2df36171110ba5444e518d58052b0ffa,45.66,45.75,2025-10-07T02:00:00+00:00,19.3088,72.9292,HND-C33789-711,CONFIRMED,2044d008ee2afdf7e48637767070792740ee2aba4c98439bb29c1b85787bf06c,ACCEPTED_FOR_DISMANTLING
LOT_2026_0085,2E3331,photos/lots/LOT_2026_0085_proof.jpg,a9e0ca6a24b2fa09743e33a9bae56007b40f483fd0420fc7872b98adacc82bc4,46.98,46.77,2026-02-25T10:00:00+00:00,19.357,73.0821,HND-2E3331-538,CONFIRMED,8c90cb6e795a8b7cdb850d7d8fb8388c154952abedccc755f4a18f9263e0dd37,ACCEPTED_FOR_DISMANTLING
LOT_2026_0086,4EE39A,photos/lots/LOT_2026_0086_proof.jpg,ee269fafb99b3d4d6154b3094b0c031e11db9b049b3e5f47b4939aa860bab401,30.12,30.41,2025-10-08T03:00:00+00:00,19.3816,73.033,HND-4EE39A-317,CONFIRMED,72d3454f9c1329610475812bc70d3b50b03f0b0a9b38039b99262df1bdcf4fc4,ACCEPTED_FOR_DISMANTLING
LOT_2026_0087,9CECD7,photos/lots/LOT_2026_0087_proof.jpg,d659baeefd3173c0c68b2056bb32db4a0c82b9ce11dcb2cb1858357eda16c450,49.77,49.51,2025-10-23T08:00:00+00:00,19.3536,73.0838,HND-9CECD7-321,CONFIRMED,1e353be64b21387bef0976543843247969d6633385abfd8c0aed27a91c0ec369,ACCEPTED_FOR_DISMANTLING
LOT_2026_0088,73BF53,photos/lots/LOT_2026_0088_proof.jpg,79170bff7f8d20cc5ea692e14efaf76abc6b4c7d346f84621558b9f88093f945,35.9,35.49,2025-11-18T01:00:00+00:00,19.2995,72.9028,HND-73BF53-635,CONFIRMED,3bb96f58dfae2ef7c434c2e12ebb768ae1cd869fa28901d89318c0540f81de39,EPR_CREDIT_ISSUED
LOT_2026_0089,F8B689,photos/lots/LOT_2026_0089_proof.jpg,8bc9d1d87150d3daab369e53d58b3cb62699d90732af91e014c46e614d72d3d4,31.69,31.26,2026-02-21T04:00:00+00:00,19.26,72.9249,HND-F8B689-400,CONFIRMED,cef9d0ad791f7b3ff23ac0d27dcfbe089e6fae5c4f75cebaf4a97bc966691a36,ACCEPTED_FOR_DISMANTLING
LOT_2026_0090,6C1F6D,photos/lots/LOT_2026_0090_proof.jpg,93df1dfd244d4b34edfe5e9c641ace8d8411d41a64084a26ca3cb29ded8c6d80,37.0,37.32,2026-01-21T06:00:00+00:00,19.0898,73.0491,HND-6C1F6D-277,CONFIRMED,a3743974a23d558bc0d363c599288d3c180dae3717487ae43a63d126e3706b79,ACCEPTED_FOR_DISMANTLING
LOT_2026_0091,EF0E0F,photos/lots/LOT_2026_0091_proof.jpg,00904f43d854a2be6492ce17e11c9f4deb9487ee23b9b1f33518614f4cdb089a,21.94,22.14,2025-09-29T02:00:00+00:00,19.1904,72.8645,HND-EF0E0F-545,CONFIRMED,b40e9bf992d644128628f66a61116107ba5af29fc4cf6255c4c9237b9e213b03,EPR_CREDIT_ISSUED
LOT_2026_0092,6E9FCE,photos/lots/LOT_2026_0092_proof.jpg,43e8ce051c59a9d72470051b381cd324551b03fbfb477f5364e5dd8f718a07b8,36.32,36.05,2025-08-28T04:00:00+00:00,19.1006,73.0486,HND-6E9FCE-103,CONFIRMED,c97b5a06981a076c83c649234f221bc3ec79122efa29d340f728ea6831d5c9f0,ACCEPTED_FOR_DISMANTLING
LOT_2026_0093,FDFF5B,photos/lots/LOT_2026_0093_proof.jpg,4d19a28fc5b0c44c10d48e3ef434b556e36881ae093098ee6138d7ce39fb0a21,15.16,15.3,2025-11-16T11:00:00+00:00,19.1669,72.8617,HND-FDFF5B-260,CONFIRMED,444df5cdafd1aee285058741f46ad7d4660663d0b75b8a93c147f45edefdc74c,EPR_CREDIT_ISSUED
LOT_2026_0094,A8EDF0,photos/lots/LOT_2026_0094_proof.jpg,0adcb10515e62a9313049ff41f2201e443ba9e20205d75107381e65d15b64c9c,34.45,34.51,2025-10-04T10:00:00+00:00,19.1584,73.0093,HND-A8EDF0-534,CONFIRMED,be45d15545f72317fa1f117238a82a94c26a72edd8154915b96572c15186572b,EPR_CREDIT_ISSUED
LOT_2026_0095,E60C91,photos/lots/LOT_2026_0095_proof.jpg,644e3905e14aa4c18b73cdde5429b0f4393e322fe3498b4664713ddd39fb8fd3,46.76,46.51,2025-09-25T01:00:00+00:00,19.1983,72.9048,HND-E60C91-726,CONFIRMED,f3aafacf3452c32c4bef3d0f6f1a71d3e486bc0856fd135cf2f01a9f01c0e697,ACCEPTED_FOR_DISMANTLING
LOT_2026_0096,FEBAF1,photos/lots/LOT_2026_0096_proof.jpg,9399767f8fa8c17cde9d40b905837f1366cb7b556cacb77a955745ca5e74b54f,43.41,42.75,2026-02-16T07:00:00+00:00,19.3348,72.924,HND-FEBAF1-529,CONFIRMED,428cb8de3bb70474014a09750377305f839931ab9f4a31ef2b87ec574e71029a,ACCEPTED_FOR_DISMANTLING
LOT_2026_0097,B1AEF2,photos/lots/LOT_2026_0097_proof.jpg,cce83978a3858dcd29b046f996d2deeab067578f3e49450fcc290afe6eac4097,36.42,36.06,2025-10-15T09:00:00+00:00,19.1028,72.9356,HND-B1AEF2-109,CONFIRMED,7af51dda862d935bba1974c94b74696665e934948301ebb15735c48a49be4e7d,EPR_CREDIT_ISSUED
LOT_2026_0098,9AECB9,photos/lots/LOT_2026_0098_proof.jpg,e73acf0cb2432633199f369c9accbac92de65e49a821b51c46b761c778703a9f,7.54,7.54,2026-02-21T04:00:00+00:00,19.1871,72.9359,HND-9AECB9-340,CONFIRMED,1624053c9b7dcccf6ed6dcc81ed0d28a63efb5dd70c5ec13bdedbcaee1dffc6f,ACCEPTED_FOR_DISMANTLING
LOT_2026_0099,26CE44,photos/lots/LOT_2026_0099_proof.jpg,0bf3e16bb8b530dcf365a7acf594217b5ae207bc08345e83a92b6efaaf7a3f15,14.49,14.24,2025-12-26T06:00:00+00:00,19.2873,73.0687,HND-26CE44-276,CONFIRMED,ee8759980906cffa4c474441a0781a6565f306860b7bc75af63e85172415d86e,EPR_CREDIT_ISSUED
LOT_2026_0100,986E05,photos/lots/LOT_2026_0100_proof.jpg,7b20a341b4c470acd58359e27ef08db89a53f58b7f40123b6a92b826d93f33e0,41.15,41.42,2025-12-29T02:00:00+00:00,19.1644,72.9889,HND-986E05-411,CONFIRMED,36b895a1f68810b9e3f802120d9ca1fb45b262b22cf840aaeb04049cbfcc86fa,EPR_CREDIT_ISSUED
LOT_2026_0101,F4BA99,photos/lots/LOT_2026_0101_proof.jpg,5346df632ef1cb24ec30f56b3c116ec3fc39390a94809a6d12a71742eddb101f,19.19,19.33,2026-01-10T07:00:00+00:00,19.3791,72.9981,HND-F4BA99-501,CONFIRMED,fe2439499eb2b9fc011a0e16acfad4316743f18a358003a9c212cea1a08584c8,EPR_CREDIT_ISSUED
LOT_2026_0102,2357AA,photos/lots/LOT_2026_0102_proof.jpg,eeaa30ff4bb383b9aecd084211ed3b916547f877ca9311d83c9b6658d16dc37d,64.13,63.09,2025-09-23T05:00:00+00:00,19.2576,73.0474,HND-2357AA-486,WEIGHT_MISMATCH_RESOLVED,b624ad0f214dca8ce7727f5c3e44fe2683dade2686220cfc0f67f24777c80b6a,EPR_CREDIT_ISSUED
LOT_2026_0103,058DBC,photos/lots/LOT_2026_0103_proof.jpg,5b3dfd7b51ae2b3ea31242752fdceefed1e6aa0b659d0b734ac1381b910e8b4c,43.94,44.15,2025-08-08T09:00:00+00:00,19.1936,73.0027,HND-058DBC-451,CONFIRMED,a30d3f0d94abbda2f718d6e07fdb6dad1f8b9a2b8e6832efd60552817061fce3,EPR_CREDIT_ISSUED
LOT_2026_0104,5D3DBD,photos/lots/LOT_2026_0104_proof.jpg,22c1b0a831beca894a2a574a88659c4138ee597467f54fca5455ab0ac4cb3809,47.76,48.15,2026-02-02T10:00:00+00:00,19.364,72.9633,HND-5D3DBD-864,CONFIRMED,71d77b9c9225f6c568901c8fcfce24c10261fd8c9ce32abb12f6d9dfb721224f,EPR_CREDIT_ISSUED
LOT_2026_0105,2AE2FC,photos/lots/LOT_2026_0105_proof.jpg,0a9014e9649f9817669e28696a95c5a3235b98534039ce3983206523fe104b6f,21.08,21.24,2025-09-28T01:00:00+00:00,19.3091,73.0893,HND-2AE2FC-425,CONFIRMED,cda07fe4e7de6ad947e283a3ee08351b60a0d4704cfd22749f28bed0dc513488,EPR_CREDIT_ISSUED
LOT_2026_0106,E2B6EC,photos/lots/LOT_2026_0106_proof.jpg,8b92289b8ead1821f09819018c130044c93aabe1c72954a6b1feabc928099c7f,8.35,8.28,2025-10-26T01:00:00+00:00,19.1384,72.9358,HND-E2B6EC-438,CONFIRMED,f9d90dc519f178946fc733fe7d8e14fa873ccd7d0b5ac15e105aae664cd0f57b,ACCEPTED_FOR_DISMANTLING
LOT_2026_0107,20A391,photos/lots/LOT_2026_0107_proof.jpg,b0e151d8cbaf76629ee73f4770ca1b4b3f139c85ca01a90e1487de7a2b67da8e,35.45,35.19,2026-02-26T11:00:00+00:00,19.2294,72.8776,HND-20A391-143,CONFIRMED,23d19e37dbee4a9c2b13d3733d381980e6cc7c0e51f89097900c88cb35c0d7ca,ACCEPTED_FOR_DISMANTLING
LOT_2026_0108,454B73,photos/lots/LOT_2026_0108_proof.jpg,edfe06359b12344ff89700206490be0cd3005e7ded1665b0768d97fc3a8ff2ea,62.86,62.59,2025-12-25T10:00:00+00:00,19.0668,72.9504,HND-454B73-131,CONFIRMED,89239455aedc1e41c75d02a037a00d6f67768dd321bb8125f9030d17c277fcc4,ACCEPTED_FOR_DISMANTLING
LOT_2026_0109,4D474C,photos/lots/LOT_2026_0109_proof.jpg,2f2fda8db1259ce46c4509e8bb6bba0a04e7e835ac8e66fc7b9adb603c6b3752,36.57,36.7,2025-11-09T06:00:00+00:00,19.3902,73.0455,HND-4D474C-311,CONFIRMED,6e1e2dcb0e259f7a999e223bc823f83643fa4ef5a03f17f3334086f3035a3a86,ACCEPTED_FOR_DISMANTLING
LOT_2026_0110,AFAC02,photos/lots/LOT_2026_0110_proof.jpg,4b21e4c42a17132ecce7a427b2723f6a01a3eb6f19bfd4fbbb109cd2e46527cc,8.11,7.98,2025-08-13T05:00:00+00:00,19.3523,72.8535,HND-AFAC02-325,CONFIRMED,56f8d8c7ab31d2ccd96b25299e0be433234e1e18744c7eed924c21fbc8060401,EPR_CREDIT_ISSUED
LOT_2026_0111,B36D82,photos/lots/LOT_2026_0111_proof.jpg,60ec5195d783f987136881bf5fa219d73b6c205b60165f0fd1a5ab4dff5a11e4,15.8,15.74,2026-02-25T01:00:00+00:00,19.3189,73.0401,HND-B36D82-741,CONFIRMED,61189443699c1512dc19c290bfe73aeba7f89cd484a3e8b15c487f2c737bf212,ACCEPTED_FOR_DISMANTLING
LOT_2026_0112,6A401A,photos/lots/LOT_2026_0112_proof.jpg,aee8fced5bc09ef9becde69644e95c84ef0de3df8650d2e7929efb702553baa5,56.72,56.89,2025-10-03T03:00:00+00:00,19.3774,72.9104,HND-6A401A-480,CONFIRMED,83e7fa09869dc3abf1b2eaa593052e81b8cf35df6cb80896176c54d5cb53554c,EPR_CREDIT_ISSUED
LOT_2026_0113,9842A9,photos/lots/LOT_2026_0113_proof.jpg,2883fc7ea4f73e597e207f05c8a7ef4393b62d5bd645e7dff3396513c1650c05,60.89,60.28,2025-09-17T11:00:00+00:00,19.1994,72.9338,HND-9842A9-527,CONFIRMED,8df8f9342e6950bb7842a4163963083f9e0a835975754b7abcf69160ef99e492,ACCEPTED_FOR_DISMANTLING
LOT_2026_0114,E8DF5E,photos/lots/LOT_2026_0114_proof.jpg,a61e49aa2d727cdac1922f6a9ae35e4669a4c85d2325ee1c31217e8b4671eea2,19.12,18.75,2026-01-13T07:00:00+00:00,19.1909,73.0061,HND-E8DF5E-114,CONFIRMED,5f4b419007b1b7a27a0d40c3860a63c5c6509b44bfa8576203afae8bf0aeede4,EPR_CREDIT_ISSUED
LOT_2026_0115,5AB215,photos/lots/LOT_2026_0115_proof.jpg,e06b3c4d94b829afc23f979c946dede5d3b815c2de0e7ec7efd1582892a1125a,45.21,44.51,2025-12-31T04:00:00+00:00,19.213,73.0689,HND-5AB215-664,CONFIRMED,c863640a7b55d0f3fed1a5c7f251328fb41ee13c0829f8e2e4f39deebcfdb2e4,EPR_CREDIT_ISSUED
LOT_2026_0116,AE8638,photos/lots/LOT_2026_0116_proof.jpg,0ee17bdae2d546df0d44627542bf20fa1b02ecf4c9ebdf3dabc28e150761a9ff,50.48,50.35,2025-08-02T04:00:00+00:00,19.3129,73.0433,HND-AE8638-651,CONFIRMED,bc8686c3fd7626ea670a492a6a4ec361ad0eea322753eda151dea4cd7166d4e5,ACCEPTED_FOR_DISMANTLING
LOT_2026_0117,DD43D7,photos/lots/LOT_2026_0117_proof.jpg,b3e17c4b9c8166a6322137395a1620cf9d81d508b633f38102f16f8eaa89e25b,12.7,12.77,2026-02-26T07:00:00+00:00,19.3166,72.9643,HND-DD43D7-665,CONFIRMED,efa54f329dd39b521eb3e362df83e03a0b3efa850d2a4d40757196a56faec299,EPR_CREDIT_ISSUED
LOT_2026_0118,4F6856,photos/lots/LOT_2026_0118_proof.jpg,a5d2178385cf3eeecd77e2f173a76da494776f857ad27230a47f4276d5894b45,45.61,46.01,2026-02-10T07:00:00+00:00,19.2641,72.9975,HND-4F6856-454,CONFIRMED,231eea03be11e9ee0615944a778f11742a42e198c6a10dda941dee463a416c98,EPR_CREDIT_ISSUED
LOT_2026_0119,8A2C66,photos/lots/LOT_2026_0119_proof.jpg,e5fc7ae5f6bad119feadac35f795c6a0dcb583d194dbd6d78ef38ba129c3a856,33.5,33.25,2025-12-25T08:00:00+00:00,19.1375,72.8571,HND-8A2C66-187,CONFIRMED,f020b0b456f53489d15e49d4eb53693a3d65d0e04188611b3657c533991481f9,EPR_CREDIT_ISSUED
